ci,co,st,uuid,po,ra,rasc,nw,aw,sf,rs,total,cssc,responses,nh,op,es,ret,rec,tr,bnasc,lsm,hsm
Pueblo,United States,CO,ffc8c95c-bcbc-4587-81d8-2d8ff3033453,110841,13.8147,14,46,43,49,76,54,54,77,7,5,3,2,7,0,4,102,255
Lombard,United States,IL,ffbaed11-58f0-4c17-aa69-e0a51e509f9d,43998,18.5282,19,56,37,42,65,50,50,73,8,8,3,33,14,1,11,37,255
Mildura,Australia,VIC,fe911e7d-0ed8-483e-bb08-8ebb8502690c,38130,33.488,33,40,33,46,75,49,49,33,37,32,34,17,40,14,30,147,255
Asheville,United States,NC,fe5ae74c-7635-4beb-86d1-5a5558235abf,91560,18.0413,18,47,49,44,79,55,55,105,14,10,6,11,11,0,9,83,255
Oviedo,United States,FL,fe257065-1a40-4910-b615-c84a7d1b3f52,40370,15.36,15,0,0,0,0,0,0,0,18,11,9,20,22,0,15,20,255
Fredericksburg,United States,VA,fdc876d5-f864-4e26-846b-7b01cf3ee6c0,28622,27.2076,27,43,47,45,78,53,53,39,29,24,9,25,27,13,21,200,74
Park City,United States,UT,fdbada48-3d9e-493b-a0d4-30e25a25e164,8375,41.0169,41,77,90,36,76,70,70,28,45,33,15,26,52,39,34,255,51
Albuquerque,United States,NM,fd94b0cc-fbb6-4aa9-94c3-b049e5c77096,559374,33.2427,33,54,54,48,82,60,60,139,29,27,20,37,39,11,27,255,255
Decatur,United States,GA,fd7c9fd9-8dbe-4676-836c-631e0af48746,24002,18.9236,19,60,51,47,57,54,54,50,7,11,8,3,26,7,10,19,141
Brandon,Canada,MB,fd783435-cf43-458a-8120-c592bf4ce634,48859,36.43,36,40,26,44,71,45,45,53,42,40,26,33,55,11,34,84,255
Hummelstown,United States,PA,fd4b86c5-0cdc-45e2-8f1c-f96087c3b4bd,4688,18.4843,18,43,43,43,77,52,52,33,25,9,0,5,16,0,10,33,8
Lafayette,United States,CA,fce9b758-c4db-4c61-9375-de3626d8dbcb,26305,23.1428,23,51,28,43,74,49,49,29,24,20,9,10,36,3,17,252,71
Columbus,United States,GA,fbfa03bc-ed48-430f-9bb0-3411f82fe00e,195739,17.6107,18,46,53,44,77,55,55,114,16,9,6,3,7,0,8,118,255
Columbia,United States,MO,fb12b2d7-dfaa-46f3-b63c-4c7b05e7824e,121230,41.2787,41,61,65,39,78,61,61,79,39,32,28,26,49,48,36,255,255
Goleta,United States,CA,fa715864-08f4-4dd0-813c-78ea1a79b732,30975,37.3421,37,59,63,44,72,60,60,30,41,35,28,26,46,14,32,217,74
Corpus Christi,United States,TX,f9e7b251-b542-47f7-832e-831fe0b6a480,325780,14.9407,15,37,26,47,60,43,43,105,12,9,4,6,17,1,8,88,255
Houston,United States,TX,f9667868-ff3e-4595-a3c1-2954ca3cb392,2310432,17.5277,18,41,50,48,75,53,53,256,10,10,7,10,12,3,9,255,255
Bend,United States,OR,f94f4957-4ed1-437a-8737-7263a953a11a,93917,31.3541,31,56,67,46,84,63,63,72,31,23,21,24,40,2,23,255,232
Calgary,Canada,AB,f8d53e2f-a569-48d9-a068-3caaf6c4aed0,1239220,59.492,59,51,63,43,85,60,60,119,54,57,59,70,67,50,59,255,255
Lakeville,United States,MA,f8a2eb4a-bcf7-4558-9a22-6d67687379ec,11372,19.78,20,0,0,0,0,0,0,0,27,18,0,0,35,27,20,19,255
Keene,United States,NH,f8831166-9ffb-4f62-ad9d-e32463c53a85,22953,19.3661,19,56,55,41,76,57,57,33,16,13,3,4,15,0,10,100,255
Carrollton,United States,TX,f83f5bc8-929e-44af-9837-cea9f4db803d,135834,13.8386,14,36,28,45,54,41,41,31,8,6,3,18,8,2,7,32,255
Walnut Creek,United States,CA,f7c8e51f-7555-4ae6-a50a-028ee2e67b92,69567,38.0935,38,61,49,40,66,54,54,35,39,32,36,41,56,0,34,255,100
Westminster,United States,CO,f68c39dc-5ea4-4722-93ce-108625f0d7bb,112962,23.4526,23,52,44,43,75,54,54,78,13,18,9,16,29,12,16,255,255
Plano,United States,TX,f67e8ba9-7081-439b-90cb-e82e2f45a2d6,287064,15.4946,15,44,50,44,73,53,53,124,7,5,4,11,11,1,6,176,255
Memphis,United States,TN,f55fd1b1-bb16-4857-8a0c-53071185827c,651932,19.6293,20,48,57,46,69,55,55,186,18,15,7,6,15,3,11,255,255
Bakersfield,United States,CA,f54afe75-9b39-4e6c-aff5-9df95b3bed3f,377917,19.2094,19,45,43,49,72,52,52,106,21,17,11,0,13,1,11,255,255
Bentonville,United States,AR,f547083f-09b2-47d9-9fb7-f5e51d5e6c62,49467,49.0199,49,61,95,40,88,71,71,103,49,39,38,43,51,0,44,255,167
Gaithersburg,United States,MD,f4a4d9a7-3fe5-4108-8f7d-8825d07d58a0,67742,26.2947,26,38,37,46,66,47,47,36,19,18,18,27,37,11,21,116,255
Williamsburg,United States,VA,f48efcc9-0811-4e82-ae40-1fd56e95f817,14927,32.2097,32,56,51,38,66,53,53,57,32,34,26,9,36,25,27,116,57
Broomfield,United States,CO,f459686a-4866-4524-8ae9-82b066fccf1a,67886,32.4898,32,54,56,43,75,57,57,83,22,24,19,35,40,21,26,255,255
Truckee,United States,CA,f3f03e99-3c92-4d55-91d9-11fb3128a2a0,16474,47.6853,48,55,66,44,83,62,62,40,56,45,23,52,57,39,44,255,119
Port Coquitlam,Canada,BC,f362002b-5aa8-4804-8057-832abe4ff977,58612,35.354,35,54,48,41,72,54,54,77,23,45,22,42,36,16,31,58,251
Overland Park,United States,KS,f3077162-32a7-46d4-b697-72f7494539ae,191011,37.0191,37,45,51,45,66,52,52,129,40,37,25,33,48,18,33,255,255
Guelph,Canada,ON,f303d0ae-23df-43f8-8133-288e6590bf88,131794,35.25,35,53,45,44,79,55,55,115,28,32,20,59,36,11,30,219,255
Bismarck,United States,ND,f2b276e9-7d4f-460f-bd79-e4dfc915f5a8,72777,41.7705,42,46,44,44,76,53,53,59,48,45,29,22,42,50,39,255,197
Euclid,United States,OH,f280260b-8e73-4a67-8683-900372f745ca,47159,24.7381,25,58,33,46,67,51,51,26,23,24,11,14,19,0,18,235,68
Wausau,United States,WI,f26008f8-7450-44cf-9117-ac1080872055,38735,40.1762,40,51,59,43,85,59,59,29,42,36,31,57,35,12,35,255,132
Loveland,United States,CO,f24c091b-4ab3-4a88-bc21-dddb3f91720e,76972,19.9343,20,54,58,46,84,60,60,56,15,11,6,4,22,2,10,138,255
Chicago,United States,IL,f2264ca5-871a-4564-a369-66089dc0e9bb,2709534,15.88,16,66,52,47,74,60,60,527,2,5,3,9,6,4,5,255,255
Odenton,United States,MD,f1d738c6-9e6a-4fb2-8b89-d5cb83f1cb96,41846,27.0194,27,41,37,48,66,48,48,31,28,25,15,24,39,0,22,41,255
McDonough,United States,GA,f1c81181-9e32-46b5-9b69-b72ff2fe2fd0,24852,20.7033,21,27,17,46,52,36,36,66,27,12,12,0,22,0,17,5,255
Charlotte,United States,NC,f191937c-1071-473e-a453-0774b983c34f,857425,29.2553,29,44,54,45,74,54,54,156,29,22,17,26,31,15,23,255,255
Ashburn,United States,VA,f17d875a-9fff-491f-b1b6-0c96a89387bb,49848,26.036,26,48,51,45,72,54,54,64,17,14,14,27,44,3,19,245,120
Prince George,Canada,BC,f16a9da8-d05a-419d-a5ea-7803b7423646,74003,33.524,34,44,46,46,77,53,53,65,42,35,18,19,36,23,29,255,255
Greensboro,United States,NC,f12ad50f-99b7-4be6-a44e-4cea8359e491,291303,16.8984,17,45,47,46,76,53,53,220,13,9,5,5,15,1,8,255,255
Modesto,United States,CA,f1016454-8fe3-4427-8d98-eb0d398ca680,212616,30.1776,30,48,54,45,67,54,54,40,34,31,15,20,39,8,24,255,255
Laval,Canada,QC,f0eb5c2f-f50b-4787-aa36-2e9173093413,422993,53.948,54,49,36,44,68,49,49,113,51,60,48,76,60,37,55,255,255
Brighton,United States,MI,f0a6e550-9089-4cfc-838d-185c7dca17d7,7649,28.9132,29,29,34,42,75,45,45,43,37,28,15,0,22,0,25,71,20
Yuma,United States,AZ,f09b26b5-6b78-43ef-9f7d-3186af5ae6fc,96349,23.4573,23,44,43,45,71,51,51,59,28,22,7,13,21,10,17,255,255
San Jose,United States,CA,f0285678-2f20-472c-9427-575bc6b3730d,1027690,31.1408,31,53,64,46,80,61,61,140,21,26,20,34,28,14,24,255,255
Milwaukee,United States,WI,efe39848-3e77-48d7-ab8b-09a1d5465553,594548,37.8474,38,61,58,44,74,59,59,199,34,36,28,52,42,2,32,255,255
Santa Monica,United States,CA,ef2778d6-e2a2-4972-8ffb-0396a1cda9cb,91577,52.1985,52,64,51,52,76,61,61,62,53,54,52,64,48,28,50,252,95
Parramatta,Australia,NSW,ef200733-7016-43e1-9fa4-815960191712,226149,29.72,30,46,34,45,64,47,47,62,15,29,19,29,39,21,25,254,255
Spokane,United States,WA,eece86fb-54d3-46e4-b34c-2a69e56c935a,217353,37.0443,37,54,56,44,81,59,59,177,43,34,32,33,40,8,32,255,255
Rochester,United States,MN,eebe913e-7720-48ba-9fd5-3acab0ac7892,115557,40.1466,40,56,54,43,75,57,57,96,40,30,26,52,65,9,36,255,255
St. Marys,United States,GA,edfdac00-4794-4dc8-889b-100c51bf02e5,18077,14.9,15,0,0,0,0,0,0,0,28,13,4,13,21,0,15,8,239
Biloxi,United States,MS,edbb0ad3-970a-4e18-849c-c39efaad5c27,45906,21.5567,22,44,31,45,59,45,45,27,26,21,6,13,16,0,16,255,209
Chico,United States,CA,ed8ab90d-b990-4013-9892-d67e6275e346,94529,49.7577,50,59,57,45,80,60,60,119,52,51,36,44,51,52,47,255,139
Stamford,United States,CT,ecf59a48-7f61-46e0-b1a6-78b5d88144ab,129309,17.4515,17,47,24,46,59,44,44,77,15,14,7,8,20,2,11,255,249
Champaign,United States,IL,ecc9e332-621a-4f0e-b3c9-324dcfa6b863,87636,27.8859,28,65,49,47,72,58,58,66,22,25,18,27,29,0,20,123,255
Ann Arbor,United States,MI,ecad11d1-85ba-4eb4-b26e-902b34997a2c,120735,43.5297,44,68,62,47,81,65,65,88,37,37,31,50,43,33,38,255,193
Rockhampton,Australia,QLD,ec93218d-f3db-4ab8-8626-735e071109b7,79726,34.152,34,33,34,46,74,47,47,52,36,32,22,29,46,24,31,255,255
Mechanicsburg,United States,PA,ec89039f-77a0-4a01-8848-de081f537ff6,9006,23.1314,23,30,18,45,62,39,39,47,28,23,7,13,28,0,19,59,16
Hillsboro,United States,OR,eb49d50b-8f34-41d2-8ef3-4f4b53c2830b,106543,35.1919,35,58,36,45,70,52,52,77,31,26,34,47,32,16,31,255,207
Reno,United States,NV,eaf7d59b-b195-43d1-9dc7-056b7b0a737b,246500,31.742,32,49,55,43,80,57,57,134,29,26,23,38,22,15,25,255,255
Hilo,United States,HI,ea79b2ed-2cbd-4013-9241-6dfa9fd043ea,45056,17.9711,18,29,16,46,54,36,36,29,26,13,9,11,24,0,13,255,168
Tacoma,United States,WA,ea032fd5-03a0-447f-9193-12a07b973a86,212869,37.6486,38,51,48,45,82,56,56,148,42,37,26,41,37,15,33,255,255
Toledo,United States,OH,e9c63e61-39e4-4bfe-bf91-3238b5e465c2,276614,24.1686,24,47,50,47,73,54,54,110,23,21,10,17,29,2,17,255,255
Canberra,Australia,ACT,e96b7223-f47e-4fcb-b18e-b7c644eb8fb5,82346,59.438,59,59,61,46,87,63,63,80,57,58,53,56,72,56,58,255,255
Papillion,United States,NE,e94cbca1-0c86-4923-9efe-455ac6ab1831,20423,40.3661,40,48,46,42,74,53,53,29,38,42,25,17,67,0,37,235,68
Flossmoor,United States,IL,e91108af-9820-4ab3-8323-54c7d6c59997,9472,15.1262,15,54,31,41,63,47,47,32,5,7,3,8,18,2,7,0,108
O'Fallon,United States,MO,e8c97367-c31d-480b-88c4-17108b60d268,87242,17.8253,18,29,33,42,63,42,42,67,23,13,6,13,5,0,12,255,194
East Providence,United States,RI,e8b63d3e-7203-47d3-a8e8-f8bcb5216b66,47483,19.6068,20,53,33,46,59,48,48,29,21,18,6,11,19,2,13,255,94
Barrie,Canada,ON,e8588a72-dea3-48ef-b28f-7381d2dba7d2,141434,37.77,38,45,39,42,78,51,51,96,26,40,24,56,43,18,34,126,255
Montreal,Canada,QC,e7d07f1f-32f1-4c1e-80bb-ca8630eaec55,1704694,61.358,61,59,55,47,80,60,60,219,52,62,62,72,66,56,62,255,255
Fishers,United States,IN,e7ad60bc-e273-4636-84d4-37333be5e112,90332,26.0325,26,36,35,41,65,44,44,63,26,24,14,8,37,0,21,255,255
Peachtree City,United States,GA,e7785825-1c59-4ec9-8c21-b53289194603,35443,25.8949,26,53,38,43,66,50,50,70,24,17,16,0,25,0,20,62,255
Rexburg,United States,ID,e7475586-e1d3-4fea-ba12-603bc662a0e7,28414,28.2314,28,38,23,42,72,44,44,31,24,24,19,22,34,0,24,34,187
Bartlett,United States,IL,e723637a-fb31-4a70-bd7a-8d62e0a4bb91,41120,21.7351,22,51,36,41,72,50,50,27,15,14,7,21,32,2,15,64,255
Arnold,United States,MD,e71fc7d7-99d6-44c0-9589-60a1f24c03a2,23406,25.8651,26,42,53,38,58,48,48,30,22,22,11,21,29,0,20,30,221
Hickory,United States,NC,e6f29abd-390d-4158-828d-cce38d6c7407,40634,14.1533,14,32,40,47,56,44,44,37,13,9,5,2,4,0,7,15,255
Delaware,United States,OH,e6ef8d86-765d-4ba1-8761-eb69a508f9a5,40568,37.3247,37,47,37,43,63,48,48,41,41,34,17,44,44,0,35,255,72
Boulder,United States,CO,e6555368-9439-4325-aaa6-65075292bdfb,106392,64.9847,65,72,72,44,85,68,68,298,66,67,61,58,74,60,64,255,139
Kansas City,United States,MO,e5cd7f7f-7efa-41e3-aa82-ddd0d475eb01,486404,33.228,33,46,50,47,77,55,55,166,34,28,21,40,34,11,28,255,255
Indian Harbour Beach,United States,FL,e4aed05a-2c24-4e79-b7cb-cebf7c4bb64e,8470,21.972,22,49,35,41,65,48,48,10,12,11,6,25,30,0,16,2,73
Sandpoint,United States,ID,e4a8e8b4-936f-41d4-b864-0cfd7cb68c1f,8386,26.3553,26,61,50,46,81,60,60,31,25,26,11,16,28,2,18,22,100
Wildwood,United States,FL,e4969c99-a463-4169-b876-27ae0085a490,6838,11.2,11,0,0,0,0,0,0,0,30,10,12,0,5,0,11,154,255
Granger,United States,IN,e3d9e22d-4f0c-4719-9d69-e28933615f79,30776,9.96,10,0,0,0,0,0,0,0,19,7,4,9,14,0,10,5,255
Melbourne Beach,United States,FL,e31c0ed3-26c1-47bc-a91c-e69e4b9d8f46,3247,19.0373,19,50,27,41,64,45,45,55,16,15,0,0,22,0,12,1,39
Kamloops,Canada,BC,e2df835d-2c49-4da3-8e00-80bf1650756e,90280,40.35,40,44,52,44,85,56,56,90,47,41,37,16,50,27,36,255,255
Jonesboro,United States,AR,e2d3a85c-b211-47cd-bbab-5da847c4f6d4,76036,15.2738,15,33,27,51,47,39,39,55,17,13,7,4,5,0,9,41,255
Newport News,United States,VA,e2a9132a-d46a-4c5a-b758-af7c1da375a7,179673,28.0974,28,38,36,45,77,49,49,100,30,29,18,26,25,9,23,255,255
Kalispell,United States,MT,e23bfcc3-a8ef-4f83-ae47-6226f6efa1e6,23241,45.7442,46,39,37,43,77,49,49,51,55,46,30,37,62,0,45,255,38
Chesapeake,United States,VA,e1e98e38-a4ab-446e-859c-ca3668eeec84,239982,26.1419,26,30,22,46,68,41,41,113,29,16,12,29,53,0,22,255,255
Boston,United States,MA,e171648c-3041-483c-a2cc-be0185fc40c7,684379,33.8638,34,59,53,46,73,58,58,181,21,31,26,17,33,38,28,255,255
Estero,United States,FL,e16797b8-e54e-4c34-a888-220c9e396a7d,32815,24.2858,24,43,30,44,65,45,45,34,24,17,20,16,19,0,19,68,255
Burlington,United States,IA,e04006d1-4a46-41df-a566-948d85740c03,24974,26.6399,27,38,43,40,68,47,47,26,30,26,14,0,38,1,22,220,116
Laramie,United States,WY,dff67543-c391-4a3f-8a53-17f828a5c8bd,32381,19.424,19,58,44,43,80,56,56,32,17,16,2,4,16,7,10,65,255
Tucson,United States,AZ,dfbdddb8-9795-4f78-853e-89f3a83e3d92,541482,37.8148,38,63,78,43,85,67,67,220,37,34,26,30,39,16,30,255,255
Olathe,United States,KS,dfb2a9d3-321b-4779-84d2-fe46bc02f426,137618,27.8645,28,38,43,45,71,49,49,95,21,25,12,27,30,0,23,255,255
Surrey,Canada,BC,df765291-de39-4050-81e2-bd7c45a3a837,517887,39.392,39,45,33,44,75,49,49,113,32,42,27,60,44,18,37,255,255
Fort Atkinson,United States,WI,debc11b1-6339-479a-be21-bf3f95279797,12443,40.0224,40,53,50,39,70,53,53,73,42,39,12,47,52,0,37,119,34
Fayetteville,United States,AR,de72a51b-c999-4e2b-9459-b5022f9b5e17,85166,47.6742,48,63,94,42,80,70,70,101,41,40,36,60,49,30,42,255,255
Silver City,United States,NM,de172272-e1b5-4472-8ea6-4bd1edefbb0c,9627,17.3003,17,44,34,47,71,49,49,43,14,14,4,0,6,0,9,18,197
Danville,United States,CA,de0c3636-28a8-4743-8c69-9fce916290f1,44605,37.699,38,62,57,39,76,58,58,42,39,40,28,33,55,0,33,255,56
Indialantic,United States,FL,dd818636-6ade-440a-82bf-1bd34dbeb4df,2865,10.14,10,0,0,0,0,0,0,0,16,12,1,14,10,0,10,3,40
Elizabethtown,United States,KY,dd73a71d-4a5c-4620-9e00-38aa0fac97d2,29620,15.6219,16,34,26,47,64,43,43,25,17,8,5,3,12,0,9,45,255
Carpinteria,United States,CA,dd18d055-6c78-471c-88eb-ec2161d3f7d4,13505,35.2937,35,66,37,39,64,52,52,32,36,36,23,0,37,24,31,79,30
Bonita,United States,CA,dbc93e94-ec3d-4ec7-9b03-fc607e1354e8,12706,12.95,13,0,0,0,0,0,0,0,16,11,5,14,23,0,13,100,27
Eurobodalla,Australia,NSW,dba27486-a2fe-4ac0-b666-036701253f94,37232,47.85,48,41,38,41,72,48,48,27,63,37,43,44,57,0,48,255,255
Ryde,Australia,NSW,db99c546-d106-443c-8571-122e44d29921,116302,29.448,29,47,32,49,74,50,50,39,13,30,16,34,31,22,24,92,255
Ithaca,United States,NY,db7a4c31-56fd-4784-8cd6-1a15456b86cb,30569,21.2015,21,61,56,40,79,59,59,46,11,11,5,0,45,0,12,23,147
Warren,United States,MI,db1d945d-143a-4d90-88f2-39d064e4bc49,134797,27.7935,28,36,17,46,66,41,41,85,23,25,16,31,30,0,24,255,236
Oswego,United States,NY,daa70c5e-5cbc-4f50-9a29-3236953241b8,17470,7.43,7,0,0,0,0,0,0,0,11,7,4,1,15,0,7,12,176
The Bronx,United States,NY,da752f7e-383a-482f-9c09-76eb51ba64bc,1435068,44.111,44,44,34,51,79,52,52,130,42,45,47,13,51,54,42,255,255
Newark,United States,DE,da46030e-f0d5-4a98-b130-fb1e488485c6,33448,30.3479,30,60,60,45,82,62,62,86,28,28,12,19,51,1,23,202,51
Rockville,United States,MD,d9ec95e7-7d20-481d-bfce-373d6723af64,67542,24.2943,24,55,56,44,69,56,56,86,13,20,13,20,30,2,16,69,255
Olive Branch,United States,MS,d8e1cceb-51ce-4951-a84d-e6179347b3be,37461,24.5242,25,24,15,46,56,35,35,31,39,22,12,0,18,0,22,255,140
Ottawa,Canada,ON,d7de54d7-613a-4433-bec1-b57a9279d4cd,934243,51.22,51,55,61,41,79,59,59,210,42,49,53,66,55,35,49,0,0
Chattanooga,United States,TN,d7c5d8df-4b3c-4734-84e5-c364fd626cf3,179690,27.3727,27,53,56,47,78,58,58,104,37,23,16,15,25,1,20,255,255
Littleton,United States,CO,d7b07959-6f09-41ac-9b0b-88e203775b5f,47989,45.2706,45,58,55,44,81,60,60,105,47,44,25,50,72,17,42,255,78
Whittlesea,Australia,VIC,d7adb908-f726-489e-94d5-b84c2c8211b9,197491,39.65,40,49,38,45,65,49,49,78,35,36,28,49,51,28,37,255,255
Mississauga,Canada,ON,d7ac7f48-fcc0-439a-8b9d-15741b24db72,721599,44.348,44,52,39,42,75,52,52,101,31,40,45,65,46,29,42,255,255
Ames,United States,IA,d6ff3636-5202-472b-a6e0-d8074d7a40a8,66023,48.1018,48,57,52,40,76,56,56,57,54,49,40,17,72,0,46,255,142
Phoenix,United States,AZ,d5f10dc7-476c-430d-8dd9-bbb990bfff31,1633017,33.5957,34,48,52,49,82,58,58,160,31,29,19,43,33,14,28,255,255
Harrisburg,United States,PA,d5aa43f4-716e-43fb-8fe3-2e96b17c47d1,49209,22.0775,22,46,50,46,76,55,55,169,26,20,4,11,23,1,14,241,95
San Francisco,United States,CA,d54badc8-dabc-4519-91b2-eb2ef40812f9,874961,60.3529,60,59,65,47,77,62,62,205,57,57,63,68,58,56,60,255,255
Lake Mary,United States,FL,d4fffca7-0bcb-41f9-8275-937bbd61e819,16698,14.49,14,0,0,0,0,0,0,0,21,21,17,0,22,3,14,18,185
Durango,United States,CO,d4f3f556-6ddc-4e7d-8a83-b79333018d86,18588,23.7595,24,68,73,46,87,68,68,55,17,13,8,2,23,14,13,173,208
Chelsea,United States,MI,d47ffeaa-876f-4c82-aabc-c94076c67597,5331,55.2374,55,45,51,37,71,51,51,29,61,54,61,0,48,0,56,50,15
Lakeland,United States,FL,d3e5362e-b344-4fcb-8b7b-dafdbf9f570c,107922,18.1811,18,51,41,48,75,54,54,27,14,12,8,9,12,0,9,121,255
Red Bank,United States,NJ,d3be7156-e36c-4fe0-a51f-2f68a78dece7,12072,17.06,17,0,0,0,0,0,0,0,26,31,2,1,32,10,17,50,18
Somerville,United States,MA,d38edadf-761c-46fc-bae1-8021e30d162f,80906,38.1979,38,68,47,47,75,59,59,84,19,31,32,47,35,35,33,157,62
Redding,United States,CA,d36f7a53-8451-4b01-a374-e351131bfe35,91580,27.9596,28,46,55,45,70,54,54,66,25,18,17,34,32,6,21,255,255
Alice Springs,Australia,NT,d35d3da4-06ad-4940-90f1-aa973d144ab0,24753,50.444,50,47,46,46,80,55,55,43,49,49,44,49,64,42,49,255,255
Billings,United States,MT,d353228d-781b-4cd5-9657-beafb94f2419,109595,35.1586,35,49,48,47,77,55,55,92,41,39,23,23,36,18,30,255,255
Provo,United States,UT,d2cb9350-b2fe-4026-81a4-a3185d7fddce,116403,37.8986,38,62,55,41,80,60,60,91,41,39,31,15,51,16,32,255,151
Newport,United States,RI,d266b2b1-d44a-4bf0-9e5d-ad5385bb6792,24663,24.8512,25,55,27,40,62,46,46,34,24,30,23,10,26,1,20,157,77
Edwardsville,United States,IL,d17a8917-cee1-4d7d-8828-f7653d9f6c07,25171,22.8865,23,70,56,41,75,60,60,33,20,16,10,7,29,0,14,64,255
Lenexa,United States,KS,d134c9e7-92ee-4b29-8f8c-8fcdd687158d,54011,35.8424,36,38,41,43,69,47,47,68,40,26,23,28,53,0,33,255,210
Rochester,United States,NY,d112279f-6bbd-4033-9bbc-6c80307bbb81,206848,15.0105,15,53,49,43,76,55,55,120,5,8,5,2,8,2,5,97,255
South Bend,United States,IN,d0c1e626-7bc9-4cab-9c41-0ca70af561ce,102037,15.629,16,50,51,45,70,54,54,93,7,7,3,9,10,1,6,88,255
Grand Junction,United States,CO,d09e97e4-9d11-4dfa-9ed5-6047ca32efc7,62062,22.1244,22,52,66,49,82,62,62,55,16,15,10,11,18,3,12,255,255
Melbourne,United States,FL,d0257623-4788-46d5-bbbb-e9973c6b4c36,81468,19.3359,19,43,35,45,67,48,48,165,16,15,7,11,13,0,12,57,255
Wayne,United States,PA,cfb37aff-346e-4483-a5d9-fc4cd4152b96,32765,39.3079,39,48,34,41,62,46,46,34,38,35,15,37,64,44,38,51,13
Boise,United States,ID,cf75f6ff-85e5-47fb-b631-ea0f6537a6a2,226115,23.2149,23,64,72,42,84,66,66,155,14,13,7,23,19,1,13,255,255
Sterling Heights,United States,MI,cf6fa9cc-dc56-4d36-8860-a77a70a6a715,132476,21.1848,21,39,39,43,73,48,48,79,19,15,10,12,18,0,14,255,197
Fort Lauderdale,United States,FL,cde1e683-a469-4827-b4bd-c52c815e577d,180124,14.2967,14,44,39,48,67,50,50,83,6,6,2,5,9,7,5,51,255
Council Bluffs,United States,IA,cdc9e7ed-9c3d-4686-9cde-cca472e6f515,62355,34.0403,34,48,47,43,74,53,53,50,38,32,23,13,42,0,29,255,255
Wheeling,United States,WV,cdb66740-6fb6-400f-afdd-ea5f77906c6e,27062,24.9896,25,43,34,42,65,46,46,45,31,26,6,8,29,0,20,255,94
Idaho Falls,United States,ID,cd07e9f4-7294-45d1-bb55-c4d9f94824fc,61459,14.7814,15,37,33,49,76,49,49,58,11,6,4,2,15,2,6,98,255
Siloam Springs,United States,AR,ccc3efb6-16fc-4f7f-bdae-3debde7a4ada,16715,21.2681,21,49,59,37,69,53,53,29,17,13,9,0,15,0,13,19,212
Glen Ellyn,United States,IL,cc38e091-3e3d-4488-aad7-fe3c5327b8f4,27855,16.3851,16,54,31,45,70,50,50,27,6,6,3,17,16,2,8,15,201
Coquitlam,Canada,BC,cbc7edce-e676-46d9-9987-438bc2ce0c56,139284,39.078,39,51,53,43,77,56,56,90,25,40,26,44,43,33,35,255,255
Ardmore,United States,PA,cb149804-af89-47ba-b7da-ec522b85c8de,12808,46.4933,46,59,26,41,70,49,49,26,35,39,46,66,38,52,46,61,14
Albany,United States,OR,c9ac8482-578f-4df3-b8a9-2ad1d927aadf,53521,28.9226,29,48,26,46,61,45,45,50,34,33,15,19,48,1,25,255,98
St. Catherines,Canada,ON,c94a4067-69d6-425d-802d-dc1079522f8e,133113,32.11,32,0,0,0,0,0,0,0,22,33,27,64,38,11,32,130,255
Saratoga Springs,United States,NY,c927d25d-1f1f-42df-b2a0-882beba21fca,27943,17.0774,17,51,53,43,75,56,56,38,12,7,5,5,14,3,7,35,255
Tempe,United States,AZ,c8d6f8f2-392d-43c9-958a-d1ee1f590643,187454,37.7716,38,61,56,48,79,61,61,103,30,32,18,55,34,26,32,255,255
Maple Ridge,Canada,BC,c89c59d7-59d9-4a6b-89f1-d4e06436eb03,82256,35.942,36,37,31,45,76,47,47,69,33,42,16,50,44,18,33,185,255
Lafayette,United States,LA,c845d1b8-f937-460b-a7e3-016e8afce5cb,126666,21.7122,22,37,23,47,61,42,42,92,24,20,9,10,36,3,17,252,71
Cottonwood Heights,United States,UT,c827a39b-631c-446a-81aa-e2d97812f72c,34036,26.6977,27,30,19,51,78,44,44,27,24,25,13,43,31,0,22,235,56
York,United States,PA,c7f1fb2e-3e20-465f-be93-2ffbf679f8fe,44022,31.8619,32,45,42,49,64,50,50,47,41,41,15,8,38,20,27,165,58
Pelham,United States,AL,c7daeb45-0386-4e7c-b2d2-fe5bd7d552d5,23428,30.523,31,17,26,44,70,39,39,33,30,19,8,32,62,0,28,255,77
Wethersfield,United States,CT,c74b3d88-0795-4125-bae0-9a37ceabd194,26171,18.146,18,52,23,37,69,45,45,36,17,16,5,9,23,0,11,188,90
Flagstaff,United States,AZ,c710cdd7-a127-4a3f-be05-287620764504,72402,46.3284,46,63,57,48,80,62,62,89,54,47,36,36,62,19,42,255,169
Brainerd,United States,MN,c6f066f2-62cb-4ee0-968d-746d7ec3e048,13373,5.62,6,0,0,0,0,0,0,0,10,5,2,1,11,0,6,17,219
The Villages,United States,FL,c6c757e6-fb76-4568-93dc-2d413fbe0c13,79372,27.9959,28,56,41,40,65,51,51,54,37,29,16,0,30,0,22,255,255
Royal Palm Beach,United States,FL,c5f5f2b0-4f03-413d-a1bd-7c562240ea69,38962,14.67,15,0,0,0,0,0,0,0,14,11,7,11,34,0,15,19,255
St. Paul,United States,MN,c5f4d4bc-b912-40fb-9e6b-5bde9ba39de6,304547,46.2625,46,65,65,45,84,65,65,106,44,45,38,33,61,29,42,255,255
Wilmington,United States,NC,c57d8dd5-1283-48fc-a60f-a5acaacd202d,120194,17.3326,17,44,35,44,72,49,49,111,14,10,5,3,16,0,9,144,255
Springfield,United States,VA,c57d68d5-f9d6-4ea8-929b-473742569453,32222,30.8585,31,46,54,43,64,52,52,70,23,35,19,24,42,10,26,183,96
Washington,United States,D.C.,c5312690-6b37-43e5-b065-267f5a0dbbdc,692683,42.9183,43,66,54,47,74,60,60,271,38,44,40,29,45,34,39,255,255
Livonia,United States,MI,c4b574d2-9327-4fa6-9f96-d7fd3b17f706,94249,34.2975,34,33,26,45,71,44,44,50,34,31,24,26,47,0,32,255,211
Dunwoody,United States,GA,c4a9a222-4f06-4809-9941-4fd7fb0e2214,49371,18.3123,18,43,43,44,59,47,47,52,15,9,10,9,18,6,11,24,255
Port Adelaide Enfield,Australia,SA,c4a93018-7d06-4ecc-ac91-231d1eb41863,121230,27.624,28,51,33,46,73,51,51,72,19,17,18,22,35,22,22,138,255
Maple Grove,United States,MN,c4817030-7b1c-41c9-8e5a-c67a6531581f,70627,44.3347,44,54,48,39,83,56,56,50,43,37,41,34,55,40,41,255,255
Claremont,United States,CA,c405581a-913c-44c7-8361-b6876fede364,36090,26.3198,26,65,57,45,74,60,60,25,18,25,5,13,21,26,18,238,76
Marshfield,United States,WI,c3faa076-8c51-4932-a940-a35cd92ef4c5,18222,57.342,57,41,44,41,75,50,50,31,67,61,47,52,72,0,59,255,42
Sacramento,United States,CA,c3ee6ace-9a77-4a13-8d81-4935fb4ef2f0,500930,34.9002,35,57,55,47,73,58,58,265,37,35,20,24,39,21,29,255,255
Erie,United States,PA,c2e1c0ce-2472-4cf6-ba64-c3e03e9d25d3,97263,40.6341,41,46,37,46,78,52,52,60,39,40,50,50,36,7,38,255,207
Vero Beach,United States,FL,c2da529a-5fb3-43fa-a3ae-384bb1381280,16857,16.7593,17,48,35,41,69,48,48,33,11,7,7,17,11,2,9,28,255
Trussville,United States,AL,c2bf8487-eb54-49e9-b8e3-f5b54abf0417,21876,22.5935,23,30,32,41,56,40,40,31,32,18,13,1,30,0,18,255,76
Minneapolis,United States,MN,c2a9d7b9-587e-450f-a4d1-35d6e32ed447,420324,41.7559,42,72,72,46,84,69,69,252,29,33,31,39,47,34,35,255,255
Tuscaloosa,United States,AL,c25d14e4-0ccb-4125-bc13-65ead950a215,99390,24.817,25,32,37,48,68,46,46,81,28,24,12,23,27,5,19,255,255
Wildwood,United States,NJ,c25afd53-eba0-4458-b1dd-4ca48ff771e5,5042,27.22,27,0,0,0,0,0,0,0,28,21,27,58,23,9,27,41,18
Centerville,United States,OH,c243a176-e4b3-4e89-a38e-0a4b4e6a8d7e,23796,30.7345,31,46,33,42,66,47,47,37,27,26,19,25,39,0,27,255,56
Lyon,France,ARA,c173e8bd-d8ec-41b3-8634-06c672f6a54b,1076752,55.642,56,41,45,40,82,52,52,151,38,69,70,33,62,58,57,255,255
San Juan,United States,PR,c151b363-5438-45a0-8deb-8268f6fe4321,335468,40.1307,40,35,51,42,80,52,52,12,34,45,39,25,46,32,37,255,255
Ventura,United States,CA,c1288f51-ef2e-4532-a785-01f1a0374269,109910,36.7185,37,53,57,44,69,56,56,126,33,32,32,36,39,20,32,255,197
Germantown,United States,MD,c11b147f-3c77-41fe-bc55-98388c5bb99a,90582,25.9099,26,44,39,49,70,51,51,54,20,24,15,20,34,5,20,100,255
Old Saybrook,United States,CT,c0545cba-6e45-42f4-8c38-75f618cc1657,10090,23.668,24,55,21,42,53,43,43,30,35,20,7,9,38,8,19,177,72
Charleston,United States,WV,c048a617-28a6-4d2c-beaa-305431546356,48006,15.6524,16,45,44,45,70,51,51,38,13,10,5,4,8,1,7,100,255
Ocala,United States,FL,bfdb9c4d-c0df-43e8-8eec-584aa31a2a87,59267,17.6505,18,38,39,44,63,46,46,125,15,11,10,13,13,0,11,33,255
Paris,France,IDF,bf739979-5ab8-4f2e-aaac-cadf9cd79685,9845879,65.8161335,66,36,41,42,81,50,50,225,57,76,79,40,74,74,70,0,0
Northport,United States,NY,bf4e36d7-eb89-4e08-b2dd-cceefdbc6889,7328,17.945,18,40,22,41,54,39,39,89,10,11,2,34,23,0,13,1,74
North Kansas City,United States,MO,bf3fd5ec-654a-4b00-bbe0-09bb87916eda,4477,31.5483,32,53,43,45,72,53,53,26,46,29,46,4,24,0,26,81,32
Charlottesville,United States,VA,beef2ec3-2b86-4b06-beef-77ce27f208fc,47096,27.9928,28,48,46,43,79,54,54,249,19,22,15,29,31,15,21,255,93
San Juan Capistrano,United States,CA,bec7f366-57db-4e1f-b1f3-c7befc5163fa,35922,27.8314,28,53,41,43,71,52,52,25,21,21,8,22,46,18,22,255,72
Wheat Ridge,United States,CO,be70cccb-67c6-4a81-b1d5-24e9921c9b87,31331,24.3854,24,54,44,45,78,55,55,41,11,19,8,31,18,15,17,58,255
Mobile,United States,AL,be50c67d-1355-42fd-899d-548d27237d76,190432,27.4623,27,34,35,47,56,43,43,78,34,31,15,12,36,14,24,255,255
Santa Barbara,United States,CA,be4e986b-69f3-4bd0-87c7-4b853fd17c02,91376,41.227,41,63,70,41,78,63,63,129,43,42,36,31,34,25,36,255,155
Warren,United States,PA,be0f94b6-b944-4548-a60a-f3f6b34f234d,9191,32.4317,32,48,38,47,69,50,50,27,41,29,29,0,40,0,28,78,20
Kingston,United States,NY,bdd7bc26-3ad2-492d-86a6-ed0171f5cf45,23070,19.9778,20,53,53,44,74,56,56,31,9,7,5,5,43,0,11,14,190
Harleysville,United States,PA,bdb60dbc-e76d-4e6b-a5f3-a211d20ebf0b,9568,36.5375,37,43,38,41,63,46,46,88,44,34,34,39,51,2,34,86,17
Edgewater,United States,NJ,bd257981-79f4-419a-923f-8194e94344fd,12403,18.07,18,0,0,0,0,0,0,0,14,19,18,0,39,0,18,29,10
Louisville,United States,KY,bcc9b978-6a72-4ad8-9848-ddc360621d13,617790,17.9605,18,52,63,47,71,58,58,119,12,10,6,5,9,5,8,255,255
Janesville,United States,WI,bc9bd071-49cf-4a57-a527-dfef40fa02f7,64245,38.7891,39,53,52,41,71,54,54,51,41,40,21,39,63,8,35,255,196
St. Louis,United States,MO,bc23904a-6735-45c1-b427-2be33234c0fa,308174,37.1817,37,47,51,47,71,54,54,235,34,34,30,50,37,14,33,255,255
San Antonio,United States,TX,bb7b4d56-552a-4d3f-af5b-9f1b41e59b7e,1508083,20.7733,21,47,57,46,71,55,55,536,13,13,9,20,14,5,12,255,255
Winter Garden,United States,FL,bb723bf1-b532-4e15-aa49-0ccf13c15e9d,43648,13.14,13,0,0,0,0,0,0,0,16,12,12,9,18,0,13,41,255
Bella Vista,United States,AR,bb5baedf-ac9a-4a7e-aa19-3bcc16b344ef,28539,47.6017,48,40,70,38,82,58,58,57,55,51,37,20,63,0,45,255,109
Marseille,France,PAC,bb231e67-4487-4bdc-a7ba-ec70a8bf9caf,909566,46.34,46,20,22,46,76,41,41,161,24,53,55,52,57,40,48,255,255
East Northport,United States,NY,ba8adf92-25ad-40cc-a553-11851b61ecd1,20190,15.3685,15,45,26,41,53,41,41,103,7,12,2,20,13,1,9,1,169
Wichita,United States,KS,ba10b882-d3a2-4cc1-9449-8feb38457c9a,389877,16.2785,16,45,52,46,77,55,55,141,10,7,5,4,9,0,7,241,255
Sydney,Australia,NSW,b9f3e779-73ce-45b0-8ee1-7708ee66abc5,208374,47.814,48,45,38,49,71,51,51,85,25,45,46,61,54,52,47,242,255
Jersey City,United States,NJ,b99ab55b-1112-4e2c-ac73-86f7204620b8,261940,31.0277,31,56,43,47,87,58,58,112,24,31,29,6,22,30,24,255,176
Virginia Beach,United States,VA,b98f8c33-7e13-49a6-8276-2775a7795a58,450201,26.021,26,44,37,44,68,48,48,180,26,22,11,24,32,10,20,255,255
New Hartford,United States,NY,b95f2c85-108d-4b53-b993-1d4838126e5a,1774,10.85,11,0,0,0,0,0,0,0,11,8,6,20,13,0,11,0,18
Athens,United States,GA,b9506ba3-8d5a-4251-906b-56b3484a980e,124719,20.7156,21,56,47,45,74,56,56,177,20,15,12,9,12,3,12,94,255
Traverse City,United States,MI,b87a1731-50d0-431d-8709-8b3fcdd47c13,15570,63.5987,64,71,89,45,85,73,73,29,65,64,65,68,57,47,61,187,38
Bristol,United States,CT,b818c74a-22d3-4aba-864a-62e2f48e8fd8,60218,22.8686,23,39,24,43,67,43,43,62,27,23,9,2,30,0,18,255,136
Laguna Beach,United States,CA,b7ac39e5-b380-4492-a831-ced246f281da,23036,31.9178,32,39,29,45,75,47,47,29,47,24,20,11,67,5,28,180,39
Morgantown,United States,WV,b730158b-ef30-497f-a8c1-6642f14ad0a5,30712,29.749,30,48,49,44,81,56,56,50,28,25,13,12,40,24,23,255,59
Vernon,Canada,BC,b6aebeb5-cb2c-4642-8ba7-675c0d4cbf93,40116,36.47,36,46,56,42,81,56,56,66,35,34,24,25,42,0,32,98,255
Happy Valley,United States,OR,b65dd892-78ff-4d5e-92b6-f4994934b193,20971,16.94,17,0,0,0,0,0,0,0,22,17,16,21,25,1,17,163,45
Collierville,United States,TN,b5472519-e1a5-44a5-b933-b0724ed37dea,50086,24.8233,25,38,50,43,70,50,50,37,33,17,8,8,30,0,18,255,165
Peters,United States,PA,b50143d7-c44d-4263-b680-4497a491cfea,21983,24.0,24,0,0,0,0,0,0,0,27,24,15,44,34,2,24,255,83
Conway,United States,AR,b3f25cfc-bd3b-4b2d-8581-b3228314fa65,66127,26.4898,26,48,49,43,57,49,49,63,29,27,19,10,18,0,21,255,225
Edmond,United States,OK,b3c41024-13f5-42f3-bb51-7961a2faf9e1,92009,26.8298,27,44,45,43,63,49,49,58,27,20,9,21,33,0,21,255,255
Kitchener,Canada,ON,b361ea97-1381-4efd-bbb9-5447f329f1b3,233222,45.046,45,56,51,43,71,55,55,168,31,44,37,65,47,34,43,255,255
Peterborough,Canada,ON,b2be9b39-883b-4388-93b1-8fbe42f7d168,81032,40.47,40,49,50,44,75,54,54,76,32,41,33,64,46,6,37,132,255
Westerville,United States,OH,b25061b0-f237-408d-adc1-7cf6cbcb01eb,39877,30.8088,31,61,49,40,62,53,53,37,29,39,16,22,45,0,25,255,73
Newbury Park,United States,CA,b24564d6-46ad-4c25-be3c-45977e0dc1ff,44968,28.8091,29,38,41,43,67,47,47,27,42,26,23,10,45,0,24,255,75
Cheyenne,United States,WY,b23d0d68-02d6-4ddf-93d7-787ec997c58f,63607,16.5796,17,51,41,43,84,55,55,54,9,8,4,4,10,0,7,255,255
Tulsa,United States,OK,b2322093-1f8a-4d3a-9eb2-33e6c75815e7,402324,26.3135,26,42,60,45,68,54,54,106,25,21,12,29,25,7,20,255,255
Melrose,United States,MA,b1fb39a7-d2af-44ce-aa86-a4f56a3f7013,28113,15.8097,16,57,35,42,67,50,50,26,6,10,3,2,17,5,7,21,161
Fayetteville,United States,NC,b170b055-d2ef-4dcd-ac7d-29df47dfb1f5,210432,15.2361,15,27,13,49,58,37,37,102,14,11,6,17,12,0,10,234,255
Crofton,United States,MD,b14d173b-6fef-448b-965f-614798496d8a,29136,25.8972,26,28,30,46,51,39,39,32,26,22,2,16,54,0,23,26,155
Blacksburg,United States,VA,b12c6c21-cf24-40b9-8092-2c1e136d7e19,44303,41.6764,42,66,56,43,79,61,61,180,39,38,24,42,45,0,37,255,104
Paramus,United States,NJ,b0b9ee8f-edea-44a8-996e-0201eb621169,26503,21.06,21,0,0,0,0,0,0,0,15,24,11,31,38,10,21,176,103
Massapequa,United States,NY,b033cc19-87a8-4cf1-9142-8c8279a126b1,17193,13.376,13,47,35,41,69,48,48,30,4,4,1,17,5,1,5,4,161
Centerville,United States,UT,aff17b58-3099-4244-8bf0-32abe843b8f6,17404,25.6904,26,51,42,41,68,51,51,28,33,24,3,12,29,0,19,124,43
Roswell,United States,GA,afec90b9-5499-45d0-95e4-b00c11351bd2,94498,22.4613,22,41,48,43,73,51,51,67,17,17,12,12,18,0,15,103,255
Middletown,United States,CT,afdabbd6-384d-4102-b11c-71307db4493c,46511,36.8688,37,47,41,44,70,50,50,81,46,38,26,26,64,2,33,255,125
Breckenridge,United States,CO,af670943-8e09-4137-a99b-c8230853afa4,4938,34.3818,34,69,78,38,88,68,68,33,26,22,24,24,37,24,26,94,100
Tolland,United States,CT,af42e75b-34db-4555-97cc-be041e87100e,14713,31.7095,32,32,27,43,77,45,45,26,49,28,8,0,36,0,28,255,72
Goose Creek,United States,SC,aee17adc-2880-4c66-97e4-7b2c6f2c2b5b,41978,18.0075,18,26,27,48,74,43,43,35,19,13,6,1,22,0,12,53,255
Urbana,United States,IL,ae851952-fb3f-4d9e-aa1f-d59778fa9314,42718,23.9594,24,64,39,43,73,55,55,30,18,20,12,23,24,0,16,65,255
Perth,Australia,WA,ae835e0a-529f-455b-a2f7-e9b780931268,21797,45.296,45,50,56,46,73,56,56,55,26,42,40,49,54,45,43,73,100
Cleveland,United States,OH,ae6d9da3-45cc-4f4a-b079-46c1692b659c,385282,30.3372,30,58,58,46,71,58,58,330,27,27,22,20,31,12,23,255,255
Guadalupe,United States,CA,adf3fb21-2f1e-4554-9366-5052c8a8e447,7451,49.6326,50,48,18,45,62,43,43,29,70,39,0,0,53,47,51,35,5
Arlington,United States,TX,acc5ad0f-c4a8-466d-ae2a-01845d012225,395477,13.4213,13,25,35,47,62,42,42,105,7,8,4,9,9,0,6,86,255
Hurst,United States,TX,ac6467ba-73de-44f1-8dcf-9db1a103f7e6,38976,13.1845,13,35,22,46,76,45,45,25,6,6,3,9,8,1,5,3,255
Buena Vista,United States,CO,ac3201a8-caba-45d4-a18d-5e650016caf8,2782,20.6498,21,50,50,35,72,52,52,25,18,17,9,0,7,0,13,7,63
Greenville,United States,SC,ab51a29e-37e3-447a-a47f-71fd43282729,67737,22.3539,22,47,53,49,67,54,54,59,11,14,12,32,14,6,15,124,255
Edmonton,Canada,AB,ab322e9a-cc01-4b5e-aa4a-b01ef09aac2d,932546,60.05,60,49,55,45,81,58,58,194,56,61,54,76,71,48,61,255,255
Oshkosh,United States,WI,ab27a228-c759-43ef-a584-8554f8156ece,66773,36.3254,36,52,44,45,79,55,55,56,47,38,30,40,33,0,32,255,133
Summerville,United States,SC,aac419c1-e3d2-47e1-bb74-b12c6eef7dbd,53037,15.9306,16,33,24,47,61,41,41,72,15,10,8,0,15,0,10,34,255
Naperville,United States,IL,aab7be0c-7af6-415e-a0bb-a87a53e02b66,147501,21.0425,21,43,33,41,75,48,48,77,13,13,6,29,23,5,14,255,255
Highland Park,United States,IL,aa8cf39e-93d7-4be0-99a4-424a4c7613b6,29628,27.2158,27,59,36,47,75,54,54,34,23,20,11,24,30,18,20,239,80
Danville,United States,KY,aa6e171f-9fa8-428e-81b1-bcb06630148b,16730,17.6237,18,44,39,43,50,44,44,25,19,12,7,10,8,0,11,0,255
Gainesville,United States,FL,aa593732-e420-48d8-a9b5-7dfcdd4cd733,132127,25.2457,25,61,49,46,70,57,57,173,20,22,16,19,24,2,17,252,255
Pottstown,United States,PA,aa3dad49-d514-4b25-849e-4ca330eb19bc,22670,25.1764,25,51,53,42,64,53,53,43,31,28,3,25,24,1,18,102,50
La Crosse,United States,WI,aa252f4e-ad76-435e-9799-bc40f273607f,51666,60.3544,60,64,68,43,85,65,65,69,65,64,50,62,50,66,59,255,99
Kailua,United States,HI,a9f8edd2-0bec-43f5-b6d8-b66cab6f73cb,15231,31.7102,32,57,28,48,62,49,49,35,39,27,11,14,52,0,27,85,52
Lynchburg,United States,VA,a78f17e1-818a-4837-a046-d6a30ca06bab,80569,27.3505,27,47,50,42,72,53,53,88,30,24,15,17,24,17,21,255,253
Huntsville,United States,AL,a6c84e69-2f8f-4600-80b2-05a628eb7615,196219,26.4405,26,38,50,44,69,50,50,264,33,20,11,26,36,0,21,255,255
Easton,United States,MD,a6895436-8518-48bf-98ed-9a686ccc70a8,16591,17.7234,18,45,31,39,61,44,44,34,15,11,4,13,15,0,11,42,207
Springdale,United States,AR,a63a592e-5de9-4438-b6d6-4bdcf538b78c,79598,39.6962,40,52,73,42,80,62,62,106,40,43,25,26,38,0,34,255,220
Phoenixville,United States,PA,a62ddb11-0184-4152-a0ab-ed15ff197d45,16895,24.2353,24,55,54,43,69,55,55,31,20,16,15,7,25,0,16,87,28
Raleigh,United States,NC,a5e49b4f-feba-44ad-bbe2-78ecdf95c235,464485,24.4344,24,47,50,45,65,52,52,272,23,19,14,19,29,3,18,255,255
Newnan,United States,GA,a5cf8944-a8af-4486-b655-3f06f36af7b5,39019,19.4738,19,36,41,44,59,45,45,93,16,11,15,10,13,0,13,24,255
Clearwater,United States,FL,a5a1a441-a70b-4c10-9b09-729fb9e835cf,115159,7.75,8,0,0,0,0,0,0,0,10,9,7,6,15,0,8,162,255
Youngstown,United States,OH,a59e31f3-62bd-499f-aa24-9e89d3061b5a,64783,29.5734,30,38,30,45,65,44,44,52,31,32,24,23,42,1,26,255,255
St. Petersburg,United States,FL,a569813e-6255-480f-9db6-aa58c2e2ea51,261338,17.4974,17,58,43,44,67,53,53,164,10,11,6,8,15,1,9,255,255
Southampton,United States,NY,a45965cb-7416-44df-b083-3e8e5c5f065c,58094,14.2666,14,45,18,38,60,40,40,27,13,8,3,0,10,6,8,0,125
Bloomington,United States,IL,a3f35eb0-a6de-4ec0-aaa4-61342b38a002,78015,16.3563,16,63,47,45,60,54,54,26,11,7,3,9,14,0,7,117,255
Massillon,United States,OH,a3c2f5ff-8b55-482f-8b17-5c3dd8d132c4,32415,24.2858,24,49,38,41,63,48,48,29,30,30,4,15,30,1,18,255,104
Inverness,United States,FL,a36f2f8d-944c-4a72-ad95-e4a477d2c73d,7281,6.98,7,0,0,0,0,0,0,0,13,6,4,1,13,0,7,21,172
Lompoc,United States,CA,a34f2dda-cba8-4fe4-a471-c50701c47e0c,43232,70.3143,70,47,33,45,65,48,48,31,88,74,78,0,64,0,76,255,20
Naples,Italy,CAM,a2ec6043-477c-4987-9e24-7105679e93d7,948850,12.652,13,25,16,44,47,33,33,111,6,5,7,2,17,9,8,231,255
Long Beach,United States,NY,a2b40df5-a621-4ef3-a6fd-c5bc52d3fe31,33507,15.9296,16,67,21,43,69,50,50,54,10,7,3,16,8,1,7,6,86
New Smyrna Beach,United States,FL,a2213094-3faf-4049-9698-f66070cbfd10,26457,11.07,11,0,0,0,0,0,0,0,18,10,4,17,9,0,11,47,255
Santa Cruz,United States,CA,a1c54bf3-daf3-4701-b8b1-053edffe2238,64522,31.7765,32,55,67,44,84,63,63,98,25,28,22,13,43,13,24,255,113
Saskatoon,Canada,SK,a192a916-868c-49dc-96e6-d66767dae105,246376,36.884,37,53,49,44,82,57,57,115,27,38,22,41,45,19,32,255,255
Wilmington,United States,DE,a18b4c74-7943-41b9-83f9-fcc13e8e2905,70644,40.7416,41,44,49,46,74,53,53,86,54,42,35,28,66,0,38,218,100
Sterling,United States,IL,a0f18f3d-e1c2-4fd3-9f08-bdf85bce7b88,14782,13.4831,13,42,41,41,77,50,50,49,4,6,2,3,7,0,4,7,175
Santa Clarita,United States,CA,a0a8d523-ded3-4123-a4cc-8e34691a000b,213411,35.7215,36,58,58,42,70,57,57,134,41,31,28,28,41,14,30,255,255
Greater Geelong,Australia,VIC,a050d48d-1e2f-4d08-af0c-ee1f89754078,233429,35.236,35,47,45,43,81,54,54,75,32,29,23,43,41,17,31,255,255
Greater Bendigo,Australia,VIC,9fd44af6-b629-457b-9b54-c0bab305d0a4,110477,37.958,38,47,51,43,83,56,56,82,48,30,24,34,50,20,33,255,255
Columbia,United States,MD,9fb51569-741d-420e-970f-a574ec19b7e8,103991,24.8392,25,48,56,44,60,52,52,78,20,20,9,25,29,7,18,175,255
Bel Air,United States,MD,9faa119b-0860-4802-9da8-00ea8245e4a6,10071,23.1742,23,38,44,40,65,47,47,47,13,15,15,22,23,0,17,23,69
Peoria,United States,AZ,9fa88ab9-4ff6-4e62-944e-ff4dfd97dc4e,168196,16.0502,16,49,45,45,72,53,53,82,11,10,3,6,12,0,7,71,255
Rome,Italy,LAZ,9f3a0c60-aa59-4d98-94c0-5b604465b33d,1965364,16.9,17,29,29,46,70,43,43,247,6,11,14,4,14,12,10,255,255
Coppell,United States,TX,9efeae25-feed-4108-a8d7-05a01d20b294,41645,16.6819,17,41,44,40,61,46,46,47,11,12,6,13,13,0,9,24,255
Menomonee Falls,United States,WI,9ed967bb-5947-4edd-8c3f-85cf16173e26,37160,41.9171,42,40,29,43,64,44,44,34,40,36,31,51,54,0,41,255,122
Ashland,United States,WI,9eb72211-e210-4dd0-860d-50deb3424b07,7892,48.6447,49,68,46,43,77,58,58,30,53,53,32,53,52,37,46,152,43
Atlanta,United States,GA,9eb3e442-172f-4748-9be8-ecdf654e2735,488800,29.6404,30,48,56,47,71,55,55,187,26,27,18,21,34,14,23,255,255
Sun Prairie,United States,WI,9ea1e0ae-4459-46a7-bf2b-033a767b00c5,33321,57.5375,58,53,56,43,72,56,56,35,60,66,34,64,70,0,58,255,55
Allentown,United States,PA,9e302bd0-0fb7-463b-8bf3-0d75827c03f7,120915,28.5265,29,46,38,46,73,51,51,107,34,36,25,9,28,1,23,255,147
Manhattan,United States,KS,9de3410d-d0f1-4502-9eea-ce9828d87a3f,55290,19.7653,20,45,42,39,73,50,50,50,13,12,9,14,14,0,12,109,255
Fort Collins,United States,CO,9dbcaf79-c806-4038-9e2b-90108a984e0b,165609,58.8329,59,74,78,42,84,69,69,270,60,54,49,58,73,46,56,255,202
Crown Point,United States,IN,9d7f77ba-4591-4c3d-bd19-b72e180cf5b8,29850,16.4902,16,42,37,39,68,46,46,51,13,7,4,10,13,0,9,27,255
Middletown,United States,DE,9d74a03a-884f-45b1-b0d0-93dafdb46299,21692,37.4577,37,41,23,44,57,41,41,55,43,30,45,36,28,0,37,191,42
Baltimore,United States,MD,9c4fbb68-28aa-4982-8938-b82199fa44a2,609032,21.8334,22,48,52,48,70,55,55,147,12,18,11,14,18,10,14,255,255
Tavares,United States,FL,9c22c772-fad6-4214-9015-56d7f431844d,16752,8.42,8,0,0,0,0,0,0,0,17,5,4,0,10,0,8,15,215
Buffalo,United States,NY,9baea031-a968-42ac-8f8c-ebd50ebd0e4e,256480,16.0989,16,55,46,46,74,55,55,117,7,9,4,5,9,3,6,139,255
Evanston,United States,IL,9b95abea-25a7-423c-b82d-f013026f9797,74587,17.7733,18,68,53,42,73,59,59,74,4,7,4,19,10,3,7,26,255
Montrose,United States,CO,9a32f492-b9fc-4de7-8cb6-0e60917a2be7,19238,7.25,7,0,0,0,0,0,0,0,14,7,5,0,11,0,7,16,255
Meridian,United States,ID,99edb7a0-5e2a-4c81-9b1e-b8e99b701984,101905,17.691,18,40,45,41,79,51,51,61,9,11,4,10,14,0,9,161,255
Villa Park,United States,IL,9939039d-e446-44d1-91f2-bcc2c6a4781e,21916,15.7063,16,58,37,41,68,51,51,87,4,5,2,23,7,2,7,9,147
Thousand Oaks,United States,CA,98f5d759-690f-4fe5-8168-de37b9199ccf,127873,32.9636,33,49,57,42,80,57,57,97,36,34,25,15,44,6,27,255,243
Corte Madera,United States,CA,98b2a449-face-439a-b1f7-f5ccf640de4a,9838,36.0457,36,57,54,45,69,56,56,30,31,31,14,28,52,35,31,78,19
Arcata,United States,CA,98598e8e-8d7d-41ff-9203-6020d697767f,18178,61.9679,62,59,58,44,83,61,61,42,63,65,63,53,65,64,62,173,46
Stirling,United States,NJ,97e572ae-4dd0-4ea7-9dce-ca01bb0e6101,2394,28.7413,29,37,18,39,65,40,40,32,39,40,4,4,26,46,26,31,6
Lexington,United States,MA,97c5e4c2-6af2-4b98-a4cf-cffe97e43562,33340,25.2668,25,58,40,36,62,49,49,26,17,18,9,15,37,24,19,255,130
Springboro,United States,OH,9787b819-7e77-4e0e-b0cf-1bb680fe585f,18196,23.9265,24,49,45,43,60,49,49,29,30,22,9,3,25,0,18,165,28
Whitehorse,Australia,VIC,960c2ea9-c9f3-44ca-93e7-4377b0543478,162078,30.188,30,49,38,46,73,51,51,64,14,25,16,46,35,16,25,158,255
Stafford,United States,VA,96089aaf-1a6f-4c50-8e1c-669bc6a95b76,4252,32.9355,33,21,18,45,61,36,36,37,33,38,14,0,40,40,32,29,28
Ridgeland,United States,MS,95c0459d-4d06-4af0-9f2e-e6212c8d5da4,24269,28.289,28,55,59,41,62,54,54,25,33,21,5,14,42,0,22,255,113
Westlake Village,United States,CA,95b06269-ea44-4f1a-8f0c-b6e4c904692d,8358,32.8129,33,55,49,42,72,54,54,43,26,23,17,14,62,0,27,72,29
Las Cruces,United States,NM,95784d55-3a86-4a7f-8d88-c3ac865855de,102102,17.4845,17,49,47,44,80,55,55,107,12,9,6,7,15,1,8,128,255
Naples,United States,FL,956f531f-be36-4d40-abf6-7338cb1fa8cf,21812,18.5325,19,53,36,42,67,50,50,44,15,9,6,7,19,0,11,34,255
Bradenton,United States,FL,94faeeaa-f48e-4101-a425-6a914d05c01d,836,13.2313,13,45,32,45,64,46,46,75,8,4,5,5,7,0,5,20,255
Bowling Green,United States,KY,94f2e905-4615-4a65-9403-387b948217e5,67600,42.6811,43,34,36,44,65,45,45,52,50,44,32,37,51,0,42,255,133
Pasadena,United States,CA,948860d6-3bb1-4a19-94c9-7e84760c8010,141258,27.3198,27,52,35,50,63,50,50,81,30,27,22,19,28,2,22,255,254
Elk Grove Village,United States,IL,94785119-ac74-47b8-9faa-bdbd69a5566b,32942,15.1505,15,49,40,41,69,50,50,49,10,5,4,8,14,0,7,9,255
Athens,United States,OH,9404e927-4dcb-495a-8834-0a91a829b6a6,24984,52.1205,52,67,64,41,80,63,63,34,49,42,43,60,63,43,49,147,57
Decatur,United States,AL,924061ca-11d4-41a5-ae06-e3bd8c81772a,54478,28.5774,29,25,31,43,62,40,40,50,38,29,11,31,26,23,26,255,225
Scottsdale,United States,AZ,911c6e52-ba85-4a27-8ace-ec9a240acd41,250602,29.7465,30,57,49,44,79,57,57,107,30,21,17,30,29,13,23,255,255
Vernon,United States,CT,90f621ac-a153-463f-8043-ff0ad85ab4e0,29232,29.1924,29,45,42,43,77,52,52,32,33,29,15,7,36,0,24,255,73
Lewiston,United States,ME,90d45a14-4438-4f5f-8c61-ea2b45ba78e7,36095,39.312,39,47,36,44,63,48,48,27,46,46,34,0,57,40,37,255,108
Fort Myers,United States,FL,8fc5f537-98a3-4884-bcdd-ec89678a2e3c,79927,19.186,19,45,33,44,68,48,48,59,15,13,16,10,17,0,12,68,255
Dublin,United States,CA,8fa23eaa-8636-449a-90c0-e824e9351fad,61240,24.86,25,0,0,0,0,0,0,0,33,26,15,34,42,2,25,255,69
Glasgow,Scotland,SCT,8ee2b2cf-ed0e-45ff-82a9-82bb0e8b8631,623715,32.672,33,45,45,43,76,52,52,185,16,31,26,24,36,34,28,255,255
American Fork,United States,UT,8ed5cf76-7b0b-4f52-9c0e-8c3543154414,30399,29.5284,30,46,34,39,64,46,46,41,35,38,7,26,41,8,25,226,76
West Chester,United States,PA,8e9a6797-d6ad-41c6-9094-0661a5adbb5c,20034,47.6311,48,46,48,44,73,53,53,44,60,48,41,14,71,0,46,48,18
Greenville,United States,OH,8e2b75da-907e-473a-93d3-38163ba86568,12766,38.71,39,0,0,0,0,0,0,0,39,33,27,0,61,0,39,141,34
Pensacola,United States,FL,8e258955-a52f-443c-960f-cda7b4ddb6b0,52642,31.2046,31,47,46,45,68,52,52,66,30,28,15,19,42,0,26,255,209
Northampton,United States,MA,8de5e3e3-b0a8-4410-b467-d1359de3791f,28516,25.2466,25,65,56,44,74,60,60,33,20,20,7,4,35,16,17,199,255
Clermont,United States,FL,8da075ec-7f34-47a2-8dc9-b646bcadb962,35209,21.5991,22,53,42,43,66,51,51,81,18,14,11,0,16,0,14,37,255
Burlington,United States,VT,8cd1cf9f-8140-46d1-930a-74e9eedb1e7d,42545,55.0147,55,68,67,45,82,65,65,56,54,60,55,43,63,36,52,219,55
Santa Fe,United States,NM,8c779f9d-097a-4b96-a1ab-2a37dc110e15,83922,31.8686,32,57,56,46,80,60,60,73,29,25,21,26,38,12,25,255,255
Longview,United States,TX,8c758601-4b7e-4542-bbdd-4351f0a5773e,81653,15.1405,15,28,41,42,65,44,44,28,11,8,4,14,10,1,8,74,255
Thunder Bay,Canada,ON,8a436b80-78c8-487e-a972-72f58468ca39,107909,33.636,34,48,42,44,76,53,52,85,33,33,20,0,35,26,29,213,255
Irvine,United States,CA,8a00a6ab-e604-4305-82bc-565d9b00c2b4,273157,31.5218,32,56,48,45,81,58,58,117,26,26,21,31,47,0,25,255,255
Bettendorf,United States,IA,89ef0726-bb05-4896-a45f-0bfacce83ec6,35919,40.9934,41,54,56,39,65,53,53,43,38,28,20,56,56,0,38,255,129
Hooksett,United States,NH,89e1a46a-4700-49ea-8b76-fa75b0cbd036,5355,19.29,19,0,0,0,0,0,0,0,27,18,14,27,13,0,19,7,70
Parker,United States,CO,89dea888-9c67-42e6-b875-e99f1ba5033a,54352,25.3097,25,54,53,39,76,56,56,52,24,21,13,10,40,0,18,234,255
Eau Claire,United States,WI,89bab007-8567-4427-8375-ac2a70f6e9f7,68187,45.0361,45,63,56,41,82,60,60,77,43,46,30,57,52,22,41,255,205
Klamath Falls,United States,OR,892669d0-cad6-4df2-8702-dcb2c5dc24f4,21335,29.7663,30,54,57,40,73,56,56,125,40,29,17,30,22,1,23,255,80
Helena,United States,MT,88c6c9ed-7cf9-4fd6-bc6f-328f84f87c8d,32024,55.9644,56,50,64,41,77,58,58,45,57,56,49,69,70,35,56,255,90
Golden,United States,CO,87e77d96-ebe4-4a05-b572-43e2db861111,20693,30.4816,30,57,61,45,84,62,62,48,28,26,8,22,51,6,23,124,176
Albany,United States,NY,87e0e8df-fc49-4676-ad2d-33ef9c61faa1,97478,18.0132,18,52,58,43,78,58,58,84,8,11,7,6,15,0,8,42,255
Lethbridge,Canada,AB,87a06fb9-c9c7-4752-8e50-cbf4c9bc6141,92729,44.94,45,43,48,44,76,53,53,101,45,50,30,42,51,42,43,255,255
St. Joseph,United States,MO,86d808a1-fbd7-42cc-a40c-e542bc88c4c4,75913,29.0,29,0,0,0,0,0,0,0,38,28,22,43,46,0,29,255,255
Oxnard,United States,CA,8695b1ba-5d9e-4a52-9e6b-179bb03a0429,208154,40.6131,41,45,20,47,58,43,43,109,56,43,43,42,54,0,40,255,157
Baton Rouge,United States,LA,85a81464-9aad-481f-97ec-1f72ffebb06e,24894,13.0125,13,36,47,46,64,48,48,112,9,5,2,2,4,0,4,49,255
Oshawa,Canada,ON,856be1f6-eb45-45ea-b1bf-ffb5dd0643e0,159458,34.982,35,46,36,45,66,48,48,76,23,35,24,60,36,13,32,175,255
Ghent,Belgium,OV,84814437-8e3a-4968-b232-f50f9bfb3b9b,306836,72.594,73,61,46,35,82,56,56,143,75,77,80,79,82,66,77,255,255
Yorba Linda,United States,CA,846d6804-7b37-4a26-ac82-f8523c1da312,67725,21.6092,22,44,36,46,79,51,51,52,19,18,9,20,19,0,14,255,126
Eugene,United States,OR,840b31cf-099f-48d9-81fd-cc1e04ab6cab,168302,41.9864,42,69,69,45,79,66,66,85,32,39,31,21,48,45,36,255,255
Warrenton,United States,VA,83e8623e-26b2-442e-9a37-d22135f25dba,9913,23.8286,24,36,32,42,66,44,44,58,20,20,16,19,19,0,19,77,46
Batavia,United States,IL,8351869b-29d3-4c53-85c3-d175df9c68e5,26250,20.3274,20,58,37,43,73,53,53,40,12,13,7,20,23,0,12,30,250
Darwin,Australia,NT,83315b84-2d8c-4ddd-a510-5d1f67e39b3f,78804,40.576,41,47,45,41,82,54,54,62,44,33,33,43,53,21,37,255,255
Cape Coral,United States,FL,82ddd1c0-ed0c-4bd0-a5b5-f7893af243be,183942,14.3165,14,43,37,46,61,47,47,76,9,6,3,6,8,0,6,187,255
Langley,Canada,BC,82b9438b-3307-48ce-9a86-7e7d06bf4dd0,117285,38.51,39,0,0,0,0,0,0,0,25,40,34,63,38,31,39,24,101
Waukesha,United States,WI,82a0f32d-35cb-4579-b103-150fb46a63ee,72412,33.2099,33,47,49,43,78,55,55,52,35,32,24,39,38,0,28,255,186
Longueuil,Canada,QC,82976eb0-b0aa-4b4b-829b-8f8b46ac39d0,239700,62.632,63,50,38,43,76,52,52,108,65,66,66,78,74,43,65,255,255
Sebring,United States,FL,8270f82f-f983-463a-af3a-4575a54b642f,10377,13.729,14,37,20,43,66,42,42,84,13,10,5,5,3,4,7,4,201
Bethesda,United States,MD,81969d4c-02b9-4069-b6fb-f7a865921b7b,63195,19.5505,20,56,51,43,73,56,56,70,9,14,7,12,18,3,11,45,255
Rogers,United States,AR,8172c630-9700-40ec-8d34-b6cdd27f658a,66344,38.8537,39,54,72,41,79,62,62,89,40,36,30,19,42,0,33,255,218
Huntington,United States,WV,8117469c-403c-482f-a0f0-e1874f3ae7eb,46667,37.7968,38,45,18,42,64,42,42,35,39,35,34,36,42,35,37,255,129
Spring Hill,United States,FL,8105d6bf-19a3-44fa-9c99-000ec389925c,111076,13.8312,14,36,23,49,62,42,42,27,11,8,7,3,5,0,7,31,255
Staten Island,United States,NY,80511ee4-6008-48b8-903e-11568e931ef6,474893,36.0095,36,37,28,46,70,45,45,102,42,39,25,20,42,37,34,255,255
Sioux Falls,United States,SD,8006915e-37c5-4103-bc27-3faacc41216b,177117,28.456,28,55,58,43,74,58,58,90,29,21,17,21,31,9,21,255,255
Odense,Denmark,SD,7e5a17a0-fbab-4b55-a3b8-c6f43696ee4a,205509,58.422,58,66,38,36,82,56,56,104,65,63,56,62,68,42,59,255,255
Los Altos,United States,CA,7e2a81a0-94bb-4af1-a511-4b8dc1229517,30504,30.7382,31,55,51,41,76,56,56,29,23,32,21,40,28,2,24,212,36
Rehoboth Beach,United States,DE,7e259396-3940-4c3c-8d45-2fbc00966301,1400,28.0349,28,65,47,42,67,55,55,29,23,25,13,23,22,0,21,38,7
Redmond,United States,WA,7da1dd4d-e33a-44eb-aaba-0038bf97f776,65558,33.7051,34,58,58,44,80,60,60,68,31,28,18,30,42,16,27,255,108
Lewes,United States,DE,7d903b5f-4809-4572-a2c6-c825768a2724,3198,29.0143,29,63,48,39,71,55,55,109,28,35,25,0,41,0,22,69,20
Kalamazoo,United States,MI,7d604f7a-d247-4261-a53e-05d22b3ca343,76019,38.6633,39,49,48,48,75,55,55,64,38,43,26,25,54,22,35,255,109
Chandler,United States,AZ,7d264fbb-a3d9-448e-b4f2-c57e870bc76b,252692,30.3782,30,55,38,46,75,53,53,107,23,22,18,43,31,13,25,255,255
Peoria,United States,IL,7d1c7fc3-e4f4-4fc5-a50f-8a3ee3046174,113532,26.518,27,46,46,46,69,52,52,119,25,22,13,41,22,0,20,255,255
Lakewood,United States,CO,7c943a23-47a4-41f7-96e3-be0d8fca442f,155146,27.1061,27,53,52,48,81,59,59,95,15,19,9,34,28,15,19,255,255
Appleton,United States,WI,7c7f72ba-859b-4b43-a9c5-dd343b3498c9,74139,32.0596,32,57,48,41,73,55,55,79,28,25,17,51,32,8,26,255,195
Encinitas,United States,CA,7bd15bb8-0b22-4a7a-9dbe-6bf709dc885b,62780,39.15,39,0,0,0,0,0,0,0,43,37,34,48,52,22,39,255,104
Fort Wayne,United States,IN,7b557187-d505-4cd1-9d45-e671d9680015,265752,19.4029,19,53,57,44,71,56,56,386,13,9,6,12,19,3,10,255,255
Santa Rosa,United States,CA,7af69c20-29d7-44b6-a3c3-2db8cdfe21bd,179701,30.2853,30,53,54,47,81,59,59,97,26,27,16,20,30,21,23,255,255
Provincetown,United States,MA,7af3a587-5766-47fa-a96b-48b79fd48976,2973,80.8978,81,67,37,40,78,55,55,46,92,93,94,87,65,0,87,45,7
Newington,United States,CT,7ac11ddd-4909-425c-946f-bd4d31f51e7c,30234,18.82,19,42,18,44,68,43,43,36,16,13,10,14,16,8,13,218,75
Dubuque,United States,IA,7a41a67e-099d-49d7-a207-85da93cbbc12,58196,32.7178,33,50,52,44,78,56,56,52,28,29,14,32,30,33,27,255,210
Rapid City,United States,SD,7a198553-cb7f-4029-868a-316da2218751,75258,38.0822,38,48,39,48,80,54,54,56,42,32,32,8,51,42,34,255,255
Cambridge,United States,MA,79b81d46-eb78-4d4d-8918-10579bde9933,116632,51.051,51,66,57,45,76,61,61,102,31,51,50,58,62,39,49,241,83
Ajax,Canada,ON,79754bfd-f3be-42af-a457-f65311a1cd07,119677,44.56,45,0,0,0,0,0,0,0,43,49,43,64,54,14,45,170,255
Richmond,United States,VA,793fe8e5-6ee2-4de0-b84f-c7c75f1820cf,226622,27.4809,27,50,54,43,80,57,57,127,30,29,19,15,25,0,20,255,255
Ferndale,United States,MI,792f9849-80de-4738-a657-d8b36e9402c2,20137,49.9581,50,61,42,46,69,54,54,33,46,53,50,76,66,0,49,153,14
Key West,United States,FL,791782fd-0a3a-433c-b102-9e4aaaa91404,24843,57.8531,58,65,34,43,72,53,53,70,64,66,53,59,74,37,59,175,42
Sherbrooke,Canada,QC,78d76295-32d4-4de4-b6c7-07d479344a26,161323,33.464,33,49,43,42,73,52,52,82,35,33,30,16,40,18,29,255,255
Gosnells,Australia,WA,78c91dfe-7d9d-4fc8-8164-d2acff702885,118073,29.852,30,44,27,43,79,48,48,31,22,27,19,25,41,18,25,154,255
Silver Spring,United States,MD,78a1bc56-2c4e-438b-98e2-1b828fc94262,81773,19.5757,20,53,50,45,71,55,55,73,9,11,7,11,22,6,11,52,255
Utrecht,Netherlands,UT,7884cd53-e54a-4e76-9157-bbc2d3b59d16,447130,86.0,86,81,45,31,90,62,62,108,91,92,93,91,95,90,92,255,255
West Hartford,United States,CT,77def37c-e6d2-4d17-b331-30a11963a0e3,63063,21.3206,21,53,57,42,64,54,54,99,18,22,6,5,25,2,13,255,127
Tallahassee,United States,FL,777321c2-2863-42e9-bdc8-83cd4abec988,191279,23.228,23,47,48,47,79,55,55,109,17,16,10,26,19,5,15,255,255
Pasadena,United States,MD,773810f2-9e55-4a88-a7d3-b810ea5ccfbb,29918,16.4709,16,30,25,47,57,40,40,29,13,13,5,12,11,0,11,19,255
Germantown,United States,TN,772d8ef6-0107-4952-acb0-00c769211b47,39193,19.6292,20,42,49,44,66,50,50,32,23,15,4,1,19,0,12,255,114
Jackson,United States,WY,77217e4b-a87e-4dbc-819a-2437a76b6d45,10553,39.24,39,78,74,47,92,73,73,33,36,32,22,20,47,0,31,32,71
Franklin,United States,TN,76ed1497-e65d-46e2-8a70-54e8b19e206e,77939,27.8162,28,36,29,44,57,42,42,51,35,24,16,30,20,0,24,255,161
Portsmouth,United States,NH,76d4115a-b0f4-4a62-a38f-d437d3420edb,21775,20.3601,20,56,49,40,79,56,56,32,22,14,11,4,16,3,11,67,218
Warminster,United States,PA,763e4ca0-bc2e-49ee-bd12-6b3acd7d903b,32489,29.0387,29,38,24,41,62,41,41,27,27,28,15,41,33,15,26,224,46
Halifax,Canada,NS,7613076e-6428-4754-a12b-cb5b8ab94f26,153723,38.646,39,50,52,45,76,56,56,157,29,38,38,32,42,25,34,221,255
Beaverton,United States,OR,75c79ef5-a7ff-435d-88c8-e6fe6635a55e,97861,33.6998,34,60,39,45,72,54,54,62,24,27,29,42,46,5,29,255,214
Northville,United States,MI,7574ee9b-6bdf-48bc-98d4-df04f2fc7fa3,6007,44.5991,45,34,39,46,74,48,48,28,32,51,26,55,57,0,44,61,15
Vincent,Australia,WA,756bb11f-5d02-45fe-885a-06b7315294ab,33693,36.626,37,50,45,44,82,55,55,23,18,29,27,57,40,23,32,32,255
Detroit,United States,MI,75438e3e-c5c6-4c84-ad49-76bd7d1204f6,674841,44.7313,45,56,56,47,76,59,59,105,48,45,33,69,46,9,41,255,255
Philadelphia,United States,PA,74568bdb-6e5c-4522-8e6a-b4bfd0394cd6,1579075,50.0459,50,57,61,48,77,61,61,342,47,48,48,50,44,47,47,255,255
Wollongong,Australia,NSW,73cc2c52-21b5-4694-86af-91ad05c5f8c2,203630,32.614,33,38,39,49,73,50,50,117,28,28,20,33,37,27,28,255,255
Broken Arrow,United States,OK,73b70a22-159a-4fb8-8f8a-7f568ba7a63d,108496,22.5289,23,31,39,44,55,42,42,77,24,19,12,11,23,0,18,255,255
Miami,United States,FL,737ea23b-2b5b-4cf2-86df-76ce8c4bbc3f,454279,13.3673,13,45,36,50,66,49,49,134,4,6,3,4,5,4,4,121,255
Salem,United States,OR,734a2d71-096a-411b-b150-b7808e549ea0,169259,21.9454,22,52,38,44,74,52,52,126,19,17,7,18,21,7,14,255,255
Vancouver,United States,WA,726c4d2c-a0ae-4590-81f8-fbcf83f8fa7b,180556,42.0447,42,50,41,46,66,51,51,84,40,42,32,56,47,24,40,255,255
Ponte Vedra,United States,FL,717babf7-0957-4d88-ae28-b542b3c8b076,30958,30.452,30,53,50,34,73,53,53,8,35,25,17,24,25,0,25,46,255
Fitchburg,United States,WI,712781d3-184d-427b-a944-33e59ae96014,29450,44.9017,45,65,64,39,81,62,62,27,53,45,43,42,58,0,41,255,143
Bethlehem,United States,PA,70f8adaa-c498-4058-95b2-37225fe15a85,75461,29.9827,30,49,38,42,76,51,51,69,26,28,26,15,28,24,25,255,156
West Jordan,United States,UT,709393cc-dc08-4f8f-af0a-34d496a18d37,114138,23.5578,24,46,30,48,63,47,47,81,21,19,8,19,33,9,18,255,188
Charles Sturt,Australia,SA,7090cf21-777e-4d8e-98bc-fa8c5ebc719a,111759,31.574,32,45,37,47,74,51,51,82,18,23,25,36,38,22,27,194,255
Longmont,United States,CO,700927cd-8146-4bbd-b0e3-fce8ca017991,94445,41.0349,41,57,51,44,83,59,59,65,43,32,28,33,52,0,37,255,167
Casper,United States,WY,6f427229-c2a9-4410-b3d3-87d2448e0495,58446,14.3287,14,45,40,45,74,51,51,56,8,7,3,4,5,0,5,54,255
Redlands,United States,CA,6f2d7f57-be9b-46b6-99fd-aea0ce70784c,71198,26.6913,27,51,52,44,68,54,54,63,27,21,14,29,25,5,20,255,228
Oakland,United States,CA,6ed03e60-7927-4164-b373-79a912cf0e3f,425097,38.229,38,60,64,48,79,63,63,180,34,35,36,34,32,21,32,255,255
Groningen,Netherlands,GR,6e4d5997-f435-43f1-895a-aeea6daade23,231299,84.292,84,74,42,31,83,57,57,103,91,92,92,89,94,89,91,255,255
Doylestown,United States,PA,6e3d707d-6add-4df6-b60f-8281c3fb724c,8286,30.6083,31,50,45,43,71,52,52,66,21,26,34,13,40,14,25,57,20
Liverpool,Australia,NSW,6e029c78-692c-411e-a4ca-bcb893979859,204326,33.77,34,49,33,49,66,49,49,22,23,35,21,42,44,16,30,222,255
Firthcliffe,United States,NY,6dd39e31-5d2b-48d0-b0e1-584a9ee50612,4912,14.23,14,0,0,0,0,0,0,0,17,20,12,3,19,0,14,0,66
Newcastle,Australia,NSW,6da2df81-f8d9-444b-9fc1-9a2629620a30,155411,32.862,33,35,39,45,80,50,50,94,21,29,24,40,36,21,29,255,255
Eureka,United States,CA,6d7aef37-440f-4f32-ae31-72df228662d1,26966,28.2137,28,49,42,46,73,53,53,39,25,28,17,17,24,0,22,180,100
Glen Burnie,United States,MD,6cd5f999-18c5-4909-9e8c-1ada628aaf4d,69872,20.4003,20,49,31,46,58,46,46,28,14,18,9,21,19,3,14,60,255
Birmingham,England,ENG,6c65ac11-b07a-4ba3-8b87-7849a67854be,1139249,41.404,41,39,38,44,73,48,48,132,25,44,41,60,40,26,40,255,255
Kearney,United States,NE,6b630ba6-8182-4561-87dd-b0873f97b415,33464,27.4215,27,44,38,41,73,49,49,43,24,25,16,18,28,0,22,255,137
Adelaide,Australia,SA,6ab9a90b-23a2-4a2f-93e5-ff01c47c8356,22063,43.918,44,49,50,50,78,57,57,53,23,47,43,30,52,47,41,124,140
Lancaster,United States,PA,6a1896cd-9ec8-4316-ac77-5e1c2f48208f,59433,25.5888,26,55,49,42,75,55,55,71,25,30,11,10,31,1,18,125,77
Pocatello,United States,ID,69d22e78-dc6a-4f0f-9c4a-b8d3da39aa4a,55525,16.0138,16,44,45,48,78,54,54,67,10,8,3,0,12,0,7,74,255
Sarasota,United States,FL,69c217c0-c628-4780-a368-9c99f1609823,56919,13.8138,14,50,37,43,61,48,48,92,8,7,3,4,10,0,5,32,255
San Rafael,United States,CA,69a02132-adea-4fc1-bf44-41656328ad13,58775,27.53,28,0,0,0,0,0,0,0,33,28,23,24,37,20,28,255,84
Mooresville,United States,NC,6929af06-50ae-46f1-b7a6-337d9352b720,37835,15.9073,16,30,27,49,63,42,42,40,19,9,6,6,9,0,9,127,255
State College,United States,PA,68de2d50-c4f2-4569-a733-490f416f4008,42275,53.3927,53,66,54,45,81,61,61,29,56,57,38,56,51,53,51,127,25
Newburyport,United States,MA,68d91ee5-dae2-4f90-801d-de4abb497a7c,18077,20.9397,21,60,44,37,75,54,54,31,14,8,10,23,24,0,13,57,170
Norwalk,United States,CT,68a4ea26-cd96-47b7-9927-074a8f4245d5,88599,12.9903,13,41,23,40,63,42,42,57,8,9,3,3,10,2,6,22,255
Normal,United States,IL,688fce31-d8c7-4162-8ead-9184939a4f60,54891,22.2092,22,60,44,42,68,53,53,150,13,15,6,22,22,13,14,75,255
Odessa,United States,FL,685ac98e-20b0-41fa-89f1-9f4952a1cb90,8036,35.11,35,0,0,0,0,0,0,0,46,44,24,24,39,0,35,4,93
Evansville,United States,IN,68520fb0-7143-4265-b0b1-a640158bcaf8,118588,13.4358,13,38,38,43,67,47,47,103,9,8,4,2,6,2,5,104,255
Hobe Sound,United States,FL,683274fb-d25b-4859-8fd3-7b427476d02f,14003,16.03,16,0,0,0,0,0,0,0,23,17,13,15,13,0,16,2,183
Bloomington,United States,IN,6820b7b6-7c39-4e15-990e-a463735705d9,84116,39.5896,40,64,62,44,78,62,62,134,38,39,27,34,31,35,34,255,155
Richardson,United States,TX,670ab847-9a1c-4f7d-9cd8-e374c995ad06,116432,17.167,17,49,43,44,71,52,52,82,9,10,3,16,11,2,9,104,255
Falmouth,United States,MA,66db9238-292e-475b-bd2a-878b7f6fedad,31124,24.3603,24,55,48,42,84,57,57,31,17,13,11,10,33,0,16,3,73
Iowa City,United States,IA,65cab414-1a54-43df-b618-ed297940d0fb,74950,52.1899,52,69,63,43,84,65,65,56,55,49,43,65,64,19,49,255,157
Healdsburg,United States,CA,64e7db44-998f-4dac-9e4a-5999ea72f7e0,11845,49.3645,49,60,34,41,78,53,53,31,55,55,40,0,49,44,48,91,28
Edinburgh,Scotland,SCT,64252d58-a25e-401d-b4c3-f3a87c2eb50a,515855,53.288,53,43,37,43,77,50,50,220,48,58,63,52,64,36,54,255,255
Madison,United States,AL,64091939-b32e-4258-9278-92d0ef08b0f7,49327,37.393,37,26,33,43,57,40,40,61,40,31,25,41,54,0,37,255,110
Hoover,United States,AL,634f3160-2ff8-44ca-816e-59637593b87e,85175,25.3022,25,26,30,47,68,42,42,74,32,15,13,20,30,0,21,255,172
Duluth,United States,MN,6347f500-e0ad-4290-9d65-e9a580dbc3fb,85915,18.5596,19,54,58,45,86,61,61,84,12,8,9,8,9,2,8,255,255
Medford,United States,OR,6310b6be-623a-43bc-91d0-b48ea20fe037,81145,36.2807,36,45,33,48,69,48,48,59,42,37,28,21,33,38,33,255,179
Wenatchee,United States,WA,62deafcd-326c-41b8-b765-629cce359b6d,34188,37.6321,38,54,59,44,85,61,61,42,44,35,27,48,38,0,32,210,90
Cranberry,United States,PA,62c8b322-67c5-4043-a21e-f2d2c0655374,30875,23.57,24,0,0,0,0,0,0,0,41,17,15,16,33,0,24,255,119
Columbia,United States,SC,62c3b9b2-0d7c-4f04-9048-ac09d45c1b92,133273,15.865,16,40,34,51,78,51,51,106,13,9,4,10,7,1,7,253,255
Dixon,United States,IL,60c2813d-2e17-47d2-aae9-039161ed3d59,15433,13.3671,13,41,37,40,74,48,48,32,13,5,1,1,5,0,5,13,172
Fresno,United States,CA,608b1c9a-a173-4f95-a39d-59a98c4c40fb,525010,25.6597,26,45,50,47,72,54,54,116,28,29,17,10,25,0,19,255,255
Mount Gambier,Australia,SA,606b6ec7-aa73-4665-87bf-b94ab4fba31a,26276,33.578,34,47,50,42,79,54,54,26,29,27,21,36,44,17,28,25,255
Birmingham,United States,AL,6028ba5b-f1e4-46d0-b843-d99f08a2451b,212297,28.3579,28,34,39,47,72,48,48,443,37,28,18,25,33,1,23,255,255
Napa,United States,CA,600bf1c6-36a1-4cd5-afd1-4a332b935a52,79074,40.5978,41,54,48,43,66,53,53,58,38,39,25,40,56,31,38,255,107
Columbus,United States,OH,5fe46b51-8005-456f-8f9e-c47d3c49894d,878553,31.021,31,53,51,46,71,55,55,308,31,29,20,29,35,7,25,255,255
Orlando,United States,FL,5fda4031-3447-4a44-b50f-2169913556a8,280832,28.038,28,47,47,47,72,53,53,180,25,24,17,30,30,7,22,255,255
Kent,United States,WA,5fa33f8a-52ea-47f2-a340-221e2a559a39,131118,24.8739,25,43,28,48,64,46,46,94,19,23,16,26,32,2,20,255,255
Asbury Park,United States,NJ,5edbfba2-76e5-456d-9aca-37a5dd232d05,15597,44.2,44,0,0,0,0,0,0,0,69,75,13,0,48,59,44,57,16
Lansdale,United States,PA,5e83500d-0fc7-473a-bbd9-296fe6e83fb7,16675,21.934,22,47,33,45,54,44,44,28,19,24,11,3,20,20,16,90,22
Pella,United States,IA,5e52c946-94d1-419a-923d-d88279ee32c9,10231,72.1182,72,56,45,36,51,47,47,83,84,78,64,0,92,0,78,115,32
Chilliwack,Canada,BC,5e00da3a-e1e2-4b72-b3db-cb33d3d451d9,83788,38.452,38,44,49,45,73,52,52,85,42,39,23,49,47,13,35,255,255
Bowie,United States,MD,5ddf78dc-b949-48a1-b202-ba517208f36d,58481,19.7396,20,39,35,48,60,45,45,45,18,16,10,12,24,0,13,60,255
Christiansburg,United States,VA,5d5a1565-1cbe-401e-8c46-309f63e8dc0d,22163,31.8637,32,44,39,38,70,48,48,31,32,21,19,32,41,0,28,247,75
Victoria,Canada,BC,5d224df6-262a-41b2-adb0-530f1909e896,85792,31.7,32,62,65,45,76,62,62,78,17,23,24,24,44,13,24,65,255
Rockford,United States,IL,5cba7fef-24ae-423b-aa68-06af3b4932e6,147070,15.9224,16,42,45,43,79,52,52,194,7,9,6,3,12,3,7,90,255
Emmaus,United States,PA,5cb8d901-2e53-4bc1-8aa9-8606fac4a2cd,11391,51.625,52,44,45,46,82,54,54,38,69,61,35,0,41,0,51,86,16
Manchester,England,ENG,5cb366d7-0ac9-482b-bb43-0a5cf88b1bff,546564,50.334,50,40,42,46,78,51,51,130,39,57,51,52,59,40,50,255,255
Tukwila,United States,WA,5c580d5c-610c-4c5d-b612-df03b6fdc055,20196,17.32,17,0,0,0,0,0,0,0,21,15,17,13,28,11,17,131,124
Grand Rapids,United States,MI,5bbb44dc-ba56-4026-9873-c35fe705a14a,198401,26.319,26,57,61,43,81,60,60,119,25,24,15,12,30,0,18,255,255
Tampa,United States,FL,5b8d0f7e-ec80-4111-bf40-6731291c7089,387916,20.0812,20,43,43,47,67,50,50,185,14,14,10,14,21,3,13,255,255
Mesa,United States,AZ,5b6f3138-85bd-42fd-81d2-111bd5fef695,499720,27.4928,27,47,47,46,76,54,54,115,20,19,15,41,25,8,21,255,255
Pittsford,United States,NY,5b553379-7ed4-4811-9fce-a00316c732ae,1716,16.9274,17,47,44,42,75,52,52,29,11,11,5,0,22,0,8,3,16
Plainview,United States,NY,5b1b5d30-6585-4860-93ad-d46dfacf6dfb,26453,7.87,8,0,0,0,0,0,0,0,5,9,4,15,15,0,8,19,216
Carmel,United States,IN,5b0bfdc3-8c0e-4a16-b6d9-49b7ca9df345,97464,54.6505,55,58,61,40,56,54,54,242,55,50,40,56,79,0,55,255,255
Coeur D'Alene,United States,ID,5aeefc3f-34b3-4b48-86dc-829eea64dff1,50540,16.9364,17,56,51,43,81,58,58,47,10,7,3,2,13,0,7,36,255
Courtenay,Canada,BC,5ac59abf-6ec2-4d7e-8897-cb9fe40f983b,25599,31.61,32,0,0,0,0,0,0,0,38,39,30,27,34,20,32,59,216
Brisbane,Australia,QLD,5ac36812-50c3-43c6-8ee0-fa840987cd72,48918,46.476,46,48,54,45,83,58,58,38,18,40,46,65,46,47,44,70,155
Portland,United States,OR,5a45c9c2-fd76-467d-8064-fc0bb142f630,645291,53.9422,54,68,63,46,78,64,64,314,55,51,53,57,58,34,51,255,255
Launceston,Australia,TAS,5a373b2f-0243-4781-8c0a-3f741c670de0,65274,30.618,31,36,44,44,71,49,49,55,29,32,20,35,33,7,26,255,255
Twin Falls,United States,ID,596a1585-a065-42c0-9e0b-cea639ad8df2,48951,17.7889,18,38,40,45,76,50,50,63,11,8,8,10,13,0,10,34,255
Rutland,United States,VT,58f8e5a2-c8dd-46ec-8997-794de0490c91,15398,56.3653,56,46,37,45,74,51,51,27,69,61,54,46,51,67,58,165,20
Brattleboro,United States,VT,58a1e5ae-24c2-4719-a689-f863b6b0e7fd,11524,49.0901,49,56,36,41,69,51,51,27,79,74,69,3,46,6,49,70,26
Aventura,United States,FL,581c63a8-98f2-4510-b534-5d877eb57b5c,37303,16.3364,16,43,21,51,64,45,45,28,9,4,8,16,11,0,9,29,69
Providence,United States,RI,57cff7f0-c3da-45cd-a52d-cd92f6c42e56,179494,33.4704,33,54,35,48,72,52,52,106,34,38,31,15,35,15,29,255,232
Norfolk,United States,VA,57983b1e-7732-478e-8dc1-3256cecc6f60,244601,28.0396,28,56,43,46,71,54,54,171,27,28,16,22,32,5,22,255,255
Austin,United States,TX,578c1427-d81f-4a9c-9292-0534fa40564b,950807,22.471,22,54,59,47,76,59,59,260,15,15,10,15,20,5,13,255,255
Bellingham,United States,WA,56a95a42-0191-4b5e-8ff5-80eae33afa7f,88764,44.2024,44,66,72,41,83,65,65,77,49,42,30,48,51,14,39,255,163
Green Bay,United States,WI,562b39e2-f29e-4752-b63b-698e7b33bce8,104777,41.518,42,53,50,43,76,55,55,86,54,47,37,43,43,1,38,255,231
Nashville,United States,TN,560e5964-4fc9-469a-8e29-ac924b67c339,663750,18.1304,18,44,53,47,66,52,52,125,16,12,7,8,13,2,10,255,255
South Windsor,United States,CT,555c9b8b-045b-4467-b36a-e4d073e9f53c,25898,21.6636,22,46,39,39,69,48,48,27,31,21,8,15,16,0,15,255,97
Bellevue,United States,NE,553274af-817d-4be2-a9af-b3f1133b1747,53324,28.4613,28,32,26,45,60,41,41,54,33,29,17,30,45,0,25,255,126
Middlebury,United States,VT,551e7c8a-63ea-4f89-a9f9-f03a7f11532f,8661,46.4448,46,59,43,47,76,56,56,25,50,44,30,48,53,0,44,141,23
Indianapolis,United States,IN,54fa3308-ced3-4c23-b85d-97ff27ba1247,864447,17.1832,17,49,56,47,73,56,56,184,11,8,6,6,9,5,7,255,255
Logan,United States,UT,54e29f7d-a4a0-43f0-a872-609c2b892070,50863,30.9245,31,58,55,46,83,61,61,68,32,29,10,0,34,15,24,255,113
Gilbert,United States,AZ,5452820d-4ab7-473e-9f92-db0ea42b81ae,243254,30.001,30,48,36,45,69,50,50,113,25,24,22,43,31,7,25,255,255
St. Charles,United States,MO,540fbde7-5d1e-41bd-8dba-4e32bb5578d8,70171,26.349,26,40,49,44,75,52,52,63,29,27,14,2,29,0,20,255,173
Antwerp,Belgium,AN,5409b45a-3d9d-4d59-a3b0-390808793b99,564923,77.042,77,50,33,38,82,51,51,114,86,85,87,73,89,80,84,255,255
Knoxville,United States,TN,53ff1c53-bd5f-4bdc-97b9-49ce1cec6d81,186173,18.7351,19,52,67,48,78,61,61,99,14,11,6,8,8,2,8,179,255
Portland,United States,ME,53af713c-6771-41e2-a9f2-9d4f4b48dfe5,66595,29.6094,30,60,54,43,76,58,58,57,28,23,21,0,36,5,22,255,151
Stillwater,United States,OK,5230a229-0f95-4645-8674-7ca7b437f84e,49952,35.0614,35,48,55,45,70,54,54,30,33,35,28,47,35,2,30,255,150
Steamboat Springs,United States,CO,5150bf90-998e-4f96-bfdd-67269548df04,12928,22.4068,22,71,76,41,86,69,69,42,22,10,2,0,23,0,11,64,194
Maryville,United States,TN,50ed963f-fc13-4f97-9c76-f31395e75885,28974,23.12,23,0,0,0,0,0,0,0,37,23,13,1,45,0,23,255,75
Greenlawn,United States,NY,509e234c-08e3-4501-9290-10bff988f829,14392,14.4937,14,44,28,45,63,45,45,29,8,11,3,4,14,2,7,2,119
Bangor,United States,ME,5054f31c-1ef2-4c55-9d9e-426d6335abdd,32095,34.9588,35,45,34,44,73,49,49,34,47,41,30,10,51,6,31,255,128
Huntington Beach,United States,CA,503116c2-12c2-46e4-86c8-7f2a6107c0a7,200259,19.4722,19,51,27,46,71,49,49,44,14,12,5,24,20,0,12,255,229
Newton,United States,MA,502c1318-7912-4c92-8f02-9d172fd40162,88593,16.0077,16,52,34,44,79,52,52,51,5,10,3,7,11,7,7,60,255
Santa Maria,United States,CA,4f8028d6-c391-48a2-9b78-2224a54f556a,106224,37.2117,37,41,30,49,71,48,48,122,41,37,35,42,39,12,35,255,137
Corvallis,United States,OR,4e29ee25-96cd-4ff9-9d96-c15ab726ab21,58028,42.9286,43,76,65,44,84,67,67,57,58,48,28,32,54,0,37,255,75
Burlingame,United States,CA,4d5c0a7e-82df-4a26-91a6-6a3e9937483f,30576,38.9449,39,62,36,48,74,55,55,33,45,45,31,51,35,0,35,129,51
Ormond Beach,United States,FL,4d225a19-b268-4bf9-8634-9cfce7fd410a,42545,11.03,11,0,0,0,0,0,0,0,16,12,7,9,13,0,11,27,255
Scranton,United States,PA,4d16bd75-4f86-4553-9ba0-a2905d381213,77054,28.4165,28,44,41,47,66,49,49,51,38,33,27,5,31,0,23,255,149
Winthrop,United States,WA,4cd9ad22-65ad-45ce-9652-d8de4ff52cfe,386,28.3298,28,45,55,36,75,53,53,98,34,16,21,0,21,0,22,12,7
Vancouver,Canada,BC,4cc36b3d-c5f1-434e-a573-7f58ae9348f7,631486,47.464,47,67,72,42,81,65,65,128,28,44,43,59,49,36,43,255,255
Waxhaw,United States,NC,4c33d501-811f-4586-8daf-ca5e2dc6d906,15237,15.8556,16,33,22,47,47,37,37,28,20,17,1,0,15,0,10,20,183
Flower Mound,United States,TX,4c29c6d2-e66c-41a6-ad1b-9e5dd9150fde,76555,19.1348,19,34,36,46,70,46,46,25,12,17,7,7,32,0,12,44,255
Mount Barker,Australia,SA,4b54ce91-7c21-42da-81c0-380bc2f1c45e,33397,39.99,40,39,30,44,69,46,46,35,53,39,27,27,58,31,39,255,255
Downers Grove,United States,IL,4b4962f5-a282-4823-a920-fd8639b0d4f9,49470,16.9187,17,51,38,40,64,48,48,35,7,8,5,24,11,1,9,44,255
Hilton Head Island,United States,SC,4b444632-af3f-402d-bbf5-a29e5844d6c8,40007,39.1302,39,61,49,37,70,54,54,26,46,32,21,34,49,0,35,177,255
Denver,United States,CO,4b3d2561-fb32-42c7-b6b8-1fce935229a5,705576,40.6064,41,60,59,47,78,61,61,393,40,34,34,37,46,24,35,255,255
St. Louis Park,United States,MN,4a72795b-2c4e-4cb1-b08f-2a1be851f45b,48677,24.6666,25,61,47,42,81,58,58,44,12,16,9,30,26,8,16,71,255
Riverview,United States,FL,4936c8ea-2e8a-4d9c-94fe-cf6b60d1bf05,95338,20.35,20,0,0,0,0,0,0,0,22,24,20,12,23,0,20,79,255
Morgan Hill,United States,CA,490cb70f-7bc9-46ae-b677-795860e9c34e,44686,26.1428,26,52,48,45,78,56,56,35,29,23,11,3,37,11,19,255,81
Jasper,United States,AL,48fd047d-dd08-4dc5-86ee-99f5f86aad72,13649,48.5337,49,29,36,44,77,47,47,33,61,54,39,47,46,0,49,255,90
Leesburg,United States,VA,480ca874-6fdd-4c18-a055-4f85f137c517,52994,38.5368,39,47,43,43,78,53,53,30,36,37,34,45,37,21,35,255,89
Auburn,United States,AL,47ff91e5-f2c2-4d00-986c-e17466af6364,64054,43.2176,43,46,47,43,70,51,51,64,49,45,37,34,42,39,41,255,128
Greenwich,United States,CT,4718448f-9281-4a56-a18a-c644d88f63b5,62587,21.0145,21,41,16,42,50,38,38,85,20,24,13,0,43,1,17,74,50
Alma,United States,MI,463f9526-d807-4a17-b756-b064804b86e4,8976,74.0484,74,55,44,42,78,55,55,35,81,76,74,78,88,0,79,105,13
Richland,United States,WA,45f741fe-5f6b-4b96-9b01-84eea166c687,56399,27.252,27,51,46,45,82,56,56,84,29,21,10,26,38,0,20,255,255
Titusville,United States,FL,45e346d4-1564-4b70-b2e8-5c4d133ebd7d,45932,18.708,19,55,44,46,68,53,53,7,15,13,8,2,12,0,10,62,255
Redmond,United States,OR,456317ad-1696-4410-abb5-f6d54171df5d,30167,27.1314,27,49,46,40,74,52,52,53,45,28,2,2,32,0,21,255,94
Brooklyn,United States,NY,449ff814-b768-41a4-b45f-ee52c8d66cd9,2589974,62.0757,62,51,45,52,69,54,54,1420,67,64,69,44,69,71,64,255,255
Arlington Heights,United States,IL,423f40b1-32aa-4457-8382-eb2f017e78dc,75482,16.0165,16,55,33,41,66,49,49,66,6,8,3,19,12,0,8,29,255
Barrington,United States,RI,41e5c0d2-aacd-4445-b8a6-81b3d001d12e,16131,33.0511,33,61,29,40,70,50,50,36,33,37,39,0,30,0,29,189,39
Narragansett,United States,RI,412b3ab3-0baa-4851-91db-ff79a75a077e,15500,22.6081,23,48,30,40,44,41,41,27,34,24,2,0,18,16,18,255,58
Fraser Coast,Australia,QLD,41273984-1339-4aaa-b93c-b16436294e8e,105643,40.534,41,46,35,42,69,48,48,58,50,42,29,40,49,23,39,255,255
Arlington,United States,VA,411fb3cb-ad6c-4783-a3af-297e433970a1,233464,55.5978,56,65,55,45,73,59,59,260,55,53,56,62,63,38,55,255,242
Playford,Australia,SA,411c9b7b-0be7-4dc8-ab3f-b7c440231c39,89372,26.82,27,39,30,48,66,46,46,54,27,20,19,22,32,14,22,232,255
Honolulu,United States,HI,40ee9b2a-7a3f-4473-ae32-10c3011b9f55,348985,24.4685,24,52,45,48,69,53,53,124,18,17,14,22,22,10,17,255,255
El Paso,United States,TX,3ff89ec4-3b9f-4b72-8fc6-391a53130966,679813,15.4244,15,39,40,47,80,52,52,140,8,7,3,7,12,3,6,255,255
Lafayette,United States,CO,3fb83f5b-77c8-4d72-a0b7-9f3d4a4fd1a8,28742,24.6015,25,54,40,41,82,54,54,45,16,18,8,20,26,0,17,84,241
Salt Lake City,United States,UT,3fa24b18-4d7e-458d-8b6f-b27d5596d734,197756,46.3294,46,59,61,46,83,62,62,211,53,41,41,44,51,24,42,255,255
Orange,Australia,NSW,3f91e874-0adf-441a-b774-b014bd36b9d8,40344,28.366,28,42,46,47,58,48,48,41,32,36,13,11,39,9,23,101,255
Brooksville,United States,FL,3f88c223-1891-4382-89c1-6eb24c6ac40a,8191,21.024,21,54,51,45,69,55,55,11,18,13,10,16,7,0,13,6,182
Saint-Quentin-en-Yvelines,France,IDF,3f5d9436-20d1-44b5-80c1-2ddede01af35,207545,61.734,62,40,37,39,80,49,49,30,66,76,66,44,74,60,65,255,255
Riverside,United States,CA,3eb1494a-4b64-423e-a606-40b4c3e79c43,326414,26.0981,26,43,34,51,78,51,51,101,23,24,14,33,25,1,20,255,255
Cumberland,United States,MD,3e2b26f2-c289-4c74-8dfb-270534d419ad,19650,12.362,12,42,44,41,58,46,46,29,7,5,1,1,7,2,4,28,228
Canton,United States,OH,3e03d70a-187d-4cf6-acf9-76609fbee3c8,71243,20.7881,21,44,35,42,66,47,47,51,26,23,6,13,18,0,14,255,252
Marietta,United States,GA,3dfd671c-0ad8-4b8f-8ed9-10f731232cec,60544,16.4612,16,29,38,47,73,47,47,64,14,9,7,9,10,4,9,130,255
Homewood,United States,IL,3c3f5df8-b080-4b51-ba64-0c57193c770a,19112,15.7903,16,58,44,41,63,52,52,95,8,8,4,8,13,1,7,10,142
Sevilla,Spain,AN,3c2724b5-8173-4b9a-a8fb-cdffb7aba163,688592,77.34,77,58,38,45,86,57,57,27,84,78,87,77,89,80,82,255,255
Derby,United States,KS,3b146c16-dac0-40fd-b5e9-a96e5d7f3ef4,24067,16.638,17,44,41,43,75,51,51,27,11,8,5,0,9,0,8,10,255
Bozeman,United States,MT,3b0f605e-b2dc-43a6-99ad-a115c1c73ad9,46746,55.884,56,57,61,47,82,62,62,35,51,47,47,57,75,0,54,255,129
Montpelier,United States,VT,3afafdea-e942-4faa-affb-19aa040cd19d,7477,29.1247,29,61,52,37,72,56,56,25,37,32,18,15,29,3,23,96,35
Burke,United States,VA,3aeb01fa-b1ae-4f0e-9167-4e61e501735b,42806,26.4979,26,47,51,43,72,53,53,38,25,19,14,7,34,21,20,234,56
Gatineau,Canada,QC,39f66ccd-08c8-47da-89e9-f6be5190447d,276245,67.206,67,51,54,43,78,56,56,105,67,68,69,77,79,60,70,255,255
Jacksonville Beach,United States,FL,393ff5a2-c3e6-473f-b3cb-4589d5b8b2ec,23399,13.06,13,0,0,0,0,0,0,0,12,11,7,27,12,0,13,24,222
Oxford,United States,OH,393adb23-598b-4214-ae94-8fb918a774e2,22700,44.7416,45,60,59,37,65,55,55,48,59,49,24,50,68,6,42,121,36
McKinney,United States,TX,384f410b-77b3-4bc5-953b-75a6fb64b815,182055,19.0728,19,34,39,45,68,46,46,80,13,14,7,11,17,0,12,152,255
Culver City,United States,CA,384d8bbe-2cdd-4953-b9f5-5914e65b57ef,39169,30.5426,31,55,44,46,65,52,52,54,24,22,21,38,40,8,25,148,62
Springfield,United States,MO,384bdce0-0d6a-440a-828b-acf31d394d40,167051,30.0446,30,45,54,46,76,55,55,104,23,22,17,32,26,26,24,255,255
San Diego,United States,CA,37fea195-9b9b-4409-b654-f5c9b9f72358,1409573,33.2477,33,49,61,46,77,58,58,358,33,32,19,32,33,14,27,255,255
Toowoomba,Australia,QLD,37eeda37-a300-496d-94c4-a70c35bf3158,160779,34.71,35,37,43,45,63,47,47,86,43,32,23,39,35,21,32,255,255
Pittsburgh,United States,PA,37dfb88b-e175-4bd0-9488-f19f8abb65a1,302205,30.2789,30,58,67,45,76,61,61,363,22,29,18,16,33,17,22,255,255
Lake Geneva,United States,WI,36deacc1-6902-43bf-b645-35577b7fe500,7894,52.5008,53,36,38,37,73,46,46,55,63,49,45,64,53,0,54,109,34
Rio Rancho,United States,NM,36dc8dfb-9c57-49bc-8163-aacbb2ea2188,96210,15.0284,15,33,26,45,78,45,45,60,13,6,6,5,14,2,7,127,255
Gahanna,United States,OH,36996e12-394b-4037-af3d-c8404011c821,35268,23.54,24,0,0,0,0,0,0,0,30,27,14,32,40,0,24,255,69
Cranston,United States,RI,3622c45d-ca74-48c9-87a4-c9bd40eb11c7,81254,29.8013,30,44,26,43,59,43,43,52,29,32,11,27,29,35,27,255,158
Allen,United States,TX,35df630e-f28e-44ac-858d-306c95e4ba39,101699,27.5007,28,42,40,43,63,47,47,79,19,21,13,32,33,0,23,178,255
Kings Park,United States,NY,35ced7d7-2bf9-47a1-a767-da78f13cabf3,1304,17.6124,18,42,37,42,58,45,45,32,10,9,3,22,23,1,11,31,161
Cherry Hill,United States,NJ,35c060dd-5f5f-4933-a933-6419bd3df38d,70965,28.8207,29,41,32,39,71,46,46,38,26,28,13,38,31,14,25,255,148
Asheboro,United States,NC,354151ed-24a4-4748-9c51-fafdc6ae62b4,25852,15.2433,15,32,15,47,47,35,35,26,15,7,11,0,9,0,10,16,255
Des Moines,United States,IA,35198aee-da81-480b-84b0-7ec0cc40ee6c,215636,35.7764,36,60,59,41,73,58,58,116,33,34,29,41,36,7,30,255,255
Cairns,Australia,QLD,34ea49f5-464d-43b8-b0f0-2f6bdf67e139,156901,33.566,34,40,54,46,78,55,55,92,35,26,30,20,39,20,28,255,255
Nashua,United States,NH,33b2c6e2-1bb4-492c-af8c-c3e18fa6d730,88815,21.1293,21,51,47,41,70,52,52,60,14,12,11,14,20,11,13,143,255
Brussels,Belgium,BR,3387c1e7-3145-4ffb-ab35-3597f11e1696,376363,62.1,62,46,50,42,77,54,54,206,51,65,72,57,67,71,64,255,155
Stony Brook,United States,NY,331bec1d-5388-40a1-8976-9508d07d67cd,12428,19.2767,19,38,31,37,56,41,41,25,13,17,5,12,27,11,14,6,154
Topeka,United States,KS,3319ccbc-b6d8-4e72-8941-d87738b68f92,126397,15.447,15,53,51,46,73,56,56,89,8,7,4,5,8,0,5,79,255
Foxborough,United States,MA,330274ce-47b0-4606-9b35-4c1c4410c511,17727,19.1045,19,36,23,40,67,42,42,27,20,19,5,13,21,2,13,11,49
Winston-Salem,United States,NC,329b24fe-c62e-4b83-b639-d32fa31a8eac,244115,15.9994,16,41,45,45,68,50,50,120,13,10,5,5,12,0,8,192,255
Repentigny,Canada,QC,32470b9d-f734-4cdf-8dc4-1cfcf901ba11,84285,51.584,52,39,28,43,55,41,41,51,51,61,46,71,60,38,54,255,121
Mount Prospect,United States,IL,316ed6cd-b8f7-480e-ad3b-c87d7397917f,54604,15.7573,16,55,31,41,70,49,49,26,7,6,2,20,12,1,7,29,255
Davis,United States,CA,315876ba-7f66-4bdc-9d08-285f21c62eb4,68543,68.8908,69,76,62,40,81,65,65,58,78,74,61,67,83,59,70,255,61
Palatine,United States,IL,3114f5f7-b6f1-4080-a60a-3b747e2bb810,68407,19.071,19,57,55,39,76,57,57,27,9,9,6,22,12,1,10,33,255
Mystic,United States,CT,30d1ed52-c3fc-4995-98c8-46e760200225,4249,23.8985,24,44,28,38,59,42,42,36,23,22,13,18,40,2,19,47,22
Grants Pass,United States,OR,30a23fba-50f7-41fc-9fd4-893a19669573,37545,34.57,35,0,0,0,0,0,0,0,36,39,20,0,46,0,35,255,81
Simsbury,United States,CT,30415344-b4a4-4b2f-ac7e-7cb7b197d350,24799,34.8861,35,58,54,39,69,55,55,40,35,30,17,23,48,0,30,255,108
Hoffman Estates,United States,IL,2fb18f7c-e6f1-410d-9533-93277320ab92,50841,24.1348,24,49,41,44,72,51,51,36,18,13,15,24,32,3,17,90,255
Saint John,Canada,NB,2f055c96-3b4a-41b3-8575-e3a3e079740d,67575,34.004,34,40,28,45,68,45,45,53,38,33,25,37,39,16,31,214,255
Missoula,United States,MT,2e73f4da-dfa1-4aaa-a2d0-25739df6687d,73710,51.7638,52,77,73,41,84,69,69,62,56,47,44,65,60,15,48,255,127
Orono,United States,ME,2de6ef08-ba08-4137-94c1-4e93dab0d959,10776,37.1449,37,50,39,42,70,50,50,26,48,34,26,23,41,0,34,77,20
Matthews,United States,NC,2d5a1539-1207-4acf-b5a5-aae7133a8bb9,32044,21.8173,22,44,44,44,65,49,49,25,18,14,11,21,13,0,15,36,255
San Luis Obispo,United States,CA,2d3cce3e-8cff-4fe4-ba24-d7d3913b7bae,47302,63.5707,64,67,65,46,85,66,66,78,63,58,61,57,76,65,63,255,59
Flint,United States,MI,2d340d47-236f-4154-8500-d9d0064f3852,96559,30.8811,31,48,39,49,69,51,51,51,37,32,15,40,32,0,26,255,255
Solana Beach,United States,CA,2d215eab-c629-4967-a90d-bc9b122ccda6,13356,29.05,29,0,0,0,0,0,0,0,35,40,20,22,30,27,29,107,24
Ocean View,United States,DE,2c81fcb2-975e-4258-a7b8-a08060170994,2272,21.4952,21,54,35,39,60,47,47,30,20,15,4,21,19,0,15,63,12
Mount Pleasant,United States,SC,2c5ab865-175b-4830-a999-6bc14ebf0506,86982,17.441,17,32,22,42,65,40,40,71,21,12,14,10,12,0,12,27,255
Anchorage,United States,AK,2c24dd1c-3ac9-4c83-ad18-b6b48b38b612,293531,41.8364,42,48,54,48,82,58,58,137,43,42,28,46,58,11,38,255,255
Syracuse,United States,NY,2b592944-d964-47da-8114-f5e8a66c8599,142874,16.8077,17,52,54,43,71,55,55,113,8,11,8,3,11,0,7,94,255
Livermore,United States,CA,2a4f6a17-f811-4d7b-ae28-ce89cc912898,89699,32.8396,33,57,61,42,78,59,59,74,38,31,6,27,46,14,26,255,188
Norman,United States,OK,2a3341e3-57d6-4287-8e28-a7a65e62d78e,122837,26.7707,27,48,32,47,72,50,50,81,33,24,14,10,30,16,21,255,255
Mill Valley,United States,CA,2a229aa7-8420-4e95-9afe-5f899fa2e8c4,14330,40.0629,40,59,55,42,84,60,60,38,52,38,26,29,64,4,35,147,15
Butte,United States,MT,2a1918a7-8ea8-4fce-8fc1-353294bb0367,33964,34.0952,34,49,42,43,64,49,49,29,51,34,23,18,56,0,30,255,255
Brookings,United States,SD,299c74a9-ab81-4b11-b443-fb86bfa5a8a8,24108,32.1192,32,55,61,37,81,58,58,28,29,31,7,22,43,0,26,188,104
Fairbanks,United States,AK,29839f18-29bc-48b0-9e84-109e7e89f347,31551,30.4529,30,54,54,43,82,58,58,31,32,18,23,21,39,11,24,255,169
Fredericton,Canada,NB,2970c209-3151-495f-a71a-85af030b7c7b,58220,53.994,54,55,40,43,77,54,54,101,55,57,54,63,64,30,54,255,255
Alexandria,United States,VA,28feb51e-47f5-4182-98da-bac2aa932296,157613,43.4367,43,59,53,43,71,56,56,341,39,45,39,37,52,28,40,255,161
Arnold,United States,MO,28edb868-0d25-4a68-acfa-bdd3e0140a19,21146,12.76,13,0,0,0,0,0,0,0,19,16,5,0,13,0,13,194,65
Red Deer,Canada,AB,28880c8d-8f29-44a5-8a74-987d5268b570,100418,42.97,43,53,44,44,73,54,54,89,43,50,35,47,55,10,40,255,255
Madison,United States,WI,27fb49d8-aefb-484f-ad3b-f21f52ac1708,254977,53.7679,54,71,66,43,79,65,65,424,58,51,52,58,63,24,51,255,255
Rancho Cucamonga,United States,CA,2712fd2c-444c-4ddc-9762-66d24ddb438f,176379,21.3936,21,53,39,44,78,53,53,97,15,17,6,17,18,9,13,255,255
Seminole,United States,FL,26a3ff0a-192c-420f-af6a-72b935e3661d,18657,15.6149,16,50,32,48,65,49,49,36,8,9,5,7,8,0,7,9,158
Merrick,United States,NY,24ab1407-8177-4a33-abc1-477a718c1cb9,20130,12.3913,12,44,19,41,66,42,42,35,4,6,0,13,7,0,5,1,150
Durham,United States,NC,243b7486-64b6-4aa0-bda0-747f818ba65c,269702,22.4564,22,50,50,43,71,54,54,119,19,16,12,17,23,1,15,255,255
Juneau,United States,AK,23cfa571-69e2-41c4-8c18-aeed5367fc26,32227,38.41,38,52,50,41,82,56,56,27,55,33,34,3,54,25,34,240,89
Bellevue,United States,WA,23a844ba-5953-4fa5-9c8f-89b344f44a9a,144403,33.7098,34,52,46,45,73,54,54,105,32,28,24,33,43,14,29,255,255
Toronto,Canada,ON,23175ff8-1c83-475e-9344-f9f398dd7982,2731571,43.98,44,57,65,46,79,62,62,292,23,42,43,62,42,30,40,0,0
Arvada,United States,CO,226cb72b-cc24-4352-a5ef-628fb2b9c706,118746,19.0238,19,54,53,45,79,58,58,83,12,11,5,6,20,3,9,255,255
South Burlington,United States,VT,21dfeb10-6c79-4702-af77-078ed272eddc,19162,39.381,39,60,40,40,82,56,56,26,39,31,39,31,48,24,35,239,73
Dallas,United States,TX,2152065a-33b9-43e1-a5b9-f16225e17a9f,1330612,16.212,16,45,44,44,72,51,51,511,9,6,4,15,9,3,7,255,255
Fairfax,United States,VA,20c47e6a-8b02-4132-b95a-993c44c4c18e,23531,47.0401,47,47,47,43,67,51,51,77,37,52,38,61,49,40,46,180,40
Colorado Springs,United States,CO,20b1ba4e-7de1-4669-b3a0-f5dd4ff07bf0,464871,39.8582,40,52,70,45,82,62,62,137,35,33,21,38,48,35,34,255,255
Yorktown,United States,VA,1fb2b7b2-e15d-4c65-a39f-5249deab2146,317,34.9266,35,34,35,41,67,44,44,33,25,28,0,0,46,0,33,6,9
Falls Church,United States,VA,1f9a147e-6345-4db2-82de-ab5d3822e889,14128,42.4117,42,60,45,45,69,55,55,39,32,42,45,48,67,0,39,62,19
Berkeley,United States,CA,1f8f15f5-47fd-4528-821e-687a5566b114,121485,68.9727,69,66,64,45,80,64,64,78,68,73,69,79,67,65,70,255,112
Moreland,Australia,VIC,1f3cf887-f3f4-4b3a-b8f9-2f56ebe1efce,162558,37.606,38,53,37,46,74,53,53,80,18,33,30,52,43,28,34,172,255
Unley,Australia,SA,1f3a02b6-19d6-4b51-aca4-4a5718019d5b,37721,43.326,43,47,41,45,82,54,54,28,36,48,38,33,53,35,41,201,35
Marquette,United States,MI,1f13d2ef-efdf-4b45-89c7-fbe9d655eeae,20822,61.6798,62,66,69,40,88,66,66,36,70,72,67,14,84,51,61,255,72
Alamo,United States,CA,1ed95783-7290-43e1-87b6-0491f4a54e28,14905,31.9135,32,61,43,42,62,52,52,26,36,34,8,21,40,0,27,190,27
Manhattan,United States,NY,1ece8a1a-b1b9-428e-bd1c-09d90dab309b,1631993,55.0658,55,55,48,48,70,55,55,1099,50,57,62,30,65,63,55,255,255
Dublin,United States,OH,1e5859ae-bd00-4822-982c-3efcb877c5f7,46499,37.9203,38,61,46,38,64,52,52,29,39,32,17,28,62,0,34,255,180
Fort Smith,United States,AR,1e537e6b-db1e-4992-8aca-30ac4be5f804,87895,5.31,5,0,0,0,0,0,0,0,11,9,3,0,4,0,5,43,255
Severna Park,United States,MD,1e2c879b-265b-4de4-95a0-8dde7d8c6b96,38188,22.4705,22,44,32,40,65,45,45,25,18,20,8,21,19,0,17,44,255
Watertown,United States,WI,1da3e14b-aa54-447c-b27d-87a7b873a93b,23633,35.9366,36,38,36,43,67,46,46,31,31,28,20,42,53,0,33,216,56
Lexington,United States,KY,1d277fa7-2ba5-40d7-9791-92ee9b95ded5,320601,18.1856,18,49,45,46,66,51,51,117,14,13,8,7,14,3,10,255,255
Issaquah,United States,WA,1cde7a23-d906-4ed6-ba68-e5f8e67668db,37965,37.4077,37,59,42,43,75,55,55,38,36,34,25,28,44,35,33,255,79
Waterloo,United States,IA,1cb5374e-ae1e-4bc7-b6af-37b5fc16573b,67912,32.1238,32,54,50,47,61,53,53,46,39,39,20,19,39,4,27,255,255
St. Cloud,United States,MN,1c9b8b14-48ae-4763-a0cc-8e7e5be16cfa,68001,15.9152,16,49,34,44,70,49,49,56,12,8,4,4,13,5,8,124,255
Lee's Summit,United States,MO,1c439410-4352-46e7-988c-69aaf0d6ad3c,97275,34.0551,34,35,43,46,67,48,48,102,39,34,19,16,37,33,29,255,255
Charleston,United States,SC,1be2e48a-54c5-45bf-8609-c7504820bdb8,135257,28.3581,28,42,29,47,72,48,48,95,36,31,23,27,18,4,24,255,151
Murfreesboro,United States,TN,1b7a40d8-89ee-4cb7-a680-d36f511448c3,136366,28.5309,29,38,34,44,65,45,45,77,38,28,19,9,23,31,24,255,255
Dundee,United States,NY,1b593cac-c466-49b0-a654-d4062232f618,1653,27.61,28,0,0,0,0,0,0,0,28,27,0,0,0,0,28,0,21
La Mesa,United States,CA,1b56e4cb-e324-4e5f-be00-30dc91197e9d,59556,23.86,24,0,0,0,0,0,0,0,27,25,13,33,28,21,24,231,110
Johnson City,United States,TN,1b213d02-1be3-40be-b9ab-c729d6a33748,66515,31.8135,32,43,61,43,76,56,56,66,33,22,14,46,18,0,26,255,255
Frederick,United States,MD,1b0cecfa-569d-4601-bb70-2f09018cef81,70887,20.4582,20,50,54,44,68,54,54,161,13,8,4,17,34,1,12,123,255
McLean,United States,VA,1ad5dfa9-5448-4b39-93e6-7e071d36f8a0,47682,24.024,24,47,27,41,65,45,45,26,28,25,16,3,39,1,19,255,140
LaGrange,United States,GA,1a97de64-d16e-4640-878b-59daf321172b,30400,17.3146,17,36,45,44,56,45,45,56,21,9,8,9,6,0,10,5,255
Manchester,United States,CT,1a618d94-a81f-41f7-bfeb-b59a77b14cb2,57805,27.8672,28,50,48,43,73,54,54,29,23,24,18,18,25,0,21,219,68
Long Beach,United States,CA,1a4b6b31-8f87-408e-98b4-f56aff8ec78a,466776,32.1347,32,58,49,48,60,54,54,139,30,31,22,29,34,14,27,255,255
Columbus,United States,IN,19fcf269-b50e-4897-8db3-942c59375af1,48150,20.8157,21,59,48,41,64,53,53,123,18,13,10,7,25,4,13,180,255
Lansing,United States,MI,19c56b15-e6ab-4184-afdc-21b2949dd036,117159,35.7526,36,52,42,46,75,54,54,95,34,28,23,51,49,7,31,255,239
Hobart,Australia,TAS,18a303ce-b393-49f8-a98f-1d1875329e14,50439,30.672,31,35,47,44,79,51,51,75,23,31,24,28,33,13,25,209,255
Duluth,United States,GA,189ce81c-89d6-479f-9df7-5e6905231bf3,29370,23.5365,24,41,24,50,71,47,47,33,19,16,17,0,20,0,18,14,236
Abbotsford,Canada,AB,189505be-8eca-45f5-89cc-15df207d92bb,141397,41.636,42,44,38,43,70,49,49,95,34,42,39,59,43,22,40,255,255
Closter,United States,NJ,1882ef3a-803b-43b9-936f-e8c178d7b48b,8565,28.8,29,0,0,0,0,0,0,0,26,29,10,64,50,0,29,75,19
Omaha,United States,NE,185339d3-c369-4d8f-8ad6-df4956d8b252,475862,34.7513,35,42,41,44,72,50,50,209,39,36,29,24,49,9,31,255,255
Los Angeles,United States,CA,18360b8b-5171-4a3d-8789-b34cb0315fcc,3966936,33.1807,33,49,47,48,75,55,55,510,31,32,26,28,29,19,28,255,255
Winnipeg,Canada,MB,17b6c6f9-4f6a-4a59-ae5b-670ec984538d,705244,35.954,36,41,58,45,84,57,57,177,23,36,20,49,39,20,31,255,255
Troy,United States,OH,175bc157-47b5-4acc-b3a4-48b81b49e74f,25961,45.8887,46,52,49,39,60,50,50,31,59,47,26,0,53,0,45,238,52
Meriden,United States,CT,16eea2d9-6e41-42a4-926d-d567d602f907,59676,20.1003,20,40,24,44,59,42,42,27,20,24,5,8,27,5,15,255,158
Towson,United States,MD,1694bedd-a1ab-42e2-a7ae-4d7ab4536db7,57817,21.8413,22,38,30,44,71,46,46,63,11,19,11,27,27,1,16,115,255
Zwolle,Netherlands,OV,166320f3-240a-4dd3-98a6-929b11924687,127497,86.772,87,75,48,31,90,61,61,77,94,95,94,90,94,91,93,255,255
Lake Oswego,United States,OR,16314526-0b69-4de9-9708-aee8af263487,39127,20.26,20,0,0,0,0,0,0,0,17,18,14,25,36,14,20,255,86
New Orleans,United States,LA,158364fa-311d-4ed4-9b7a-a5e9ba285772,390845,38.5836,39,54,50,50,68,55,55,135,45,42,34,16,47,20,34,255,255
Paducah,United States,KY,15755b89-cf22-45e8-89a8-cfdb069d0556,59536,20.6191,21,53,69,41,82,61,61,28,13,10,6,10,15,0,11,59,255
Oklahoma City,United States,OK,152f4885-7012-4e10-8672-5aa7a56f368e,643692,26.6362,27,39,51,45,72,52,52,184,30,21,16,22,28,6,20,255,255
Roanoke,United States,VA,152d12d5-9655-4c8d-83b6-b37b3cc6484f,99229,25.3888,25,54,54,43,73,56,56,209,28,21,12,11,35,0,18,255,255
Elmhurst,United States,IL,14c147c1-9d11-490f-a53b-51acf463ff70,46463,15.8421,16,65,37,41,69,53,53,52,5,6,3,17,10,1,7,20,255
Melbourne,Australia,VIC,1493a8e9-3ada-4fa0-a5c3-dda2b039e889,135959,49.242,49,53,50,47,82,58,58,107,25,46,50,55,50,56,47,255,255
Annapolis,United States,MD,146578e5-f93f-4d8f-b6d3-ef55379b5299,39278,17.0205,17,42,48,41,70,50,50,87,10,11,4,7,12,0,9,13,231
Hagerstown,United States,MD,145e511d-7340-48c3-b628-5004e3fc304d,40152,14.5759,15,40,45,47,66,49,49,37,10,7,4,3,11,0,6,47,225
Venice,United States,FL,1442b141-335a-48eb-a695-acf4b7b49cd8,23086,19.2331,19,60,46,40,72,54,54,33,20,13,10,0,14,5,10,86,255
Worcester,United States,MA,13d75f93-cb2d-468e-ac00-6b97d72c24bc,185143,13.9537,14,36,26,51,70,46,46,82,7,10,4,3,11,0,6,73,255
Cary,United States,NC,13b6c558-efbf-431b-bc04-bd7b1f3616c6,166268,37.3909,37,54,55,43,71,56,56,112,35,26,31,40,49,17,33,255,255
Hammond,United States,IN,137e8095-7e73-4220-873c-00de22ac152f,76547,13.4952,13,54,48,42,71,54,54,51,5,6,1,1,7,1,3,61,255
Lawrence,United States,KS,13392721-c244-498f-998f-f112b0c82fa4,96369,43.2092,43,56,54,43,72,56,56,71,47,49,42,39,52,7,40,255,195
Orem,United States,UT,12fcb6a6-4daa-4bbe-810f-9a764ccdc26b,96725,36.174,36,49,36,43,79,52,52,67,33,33,27,47,42,13,32,255,147
Bergen,Norway,VES,12b5213c-290c-42ad-8ab4-76b8cd2c85f5,285601,37.98,38,46,43,33,76,49,49,106,35,41,42,25,44,21,35,255,255
Savannah,United States,GA,12b09a31-96ca-4748-bd9c-3c27e7bf27f5,145403,16.0706,16,52,40,44,69,51,51,80,13,10,4,8,8,2,7,101,255
Morristown,United States,NJ,1256a322-7056-4656-a251-20c6a3aafb92,18909,29.8266,30,51,46,42,70,52,52,41,26,39,19,1,46,12,24,67,27
New Haven,United States,CT,11f6be82-fc57-4d09-b4ec-71a2cca386d8,130331,25.6014,26,57,54,46,70,57,57,82,18,28,18,8,26,4,18,255,244
Clarksville,United States,TN,117a7623-cd7b-49f5-9bb1-3b62c90bc399,152934,26.7023,27,30,27,47,63,42,42,77,38,24,21,33,23,0,23,255,255
Henderson,United States,NV,1157d933-2818-45d5-8543-7200e9fb1e18,300116,30.5801,31,49,50,46,71,54,54,112,28,20,13,37,33,0,25,255,255
Folsom,United States,CA,11539307-189d-4a18-bc17-3fb3961cf532,78159,40.7006,41,62,65,43,82,63,63,59,39,38,24,45,50,18,35,255,171
Quincy,United States,IL,11252f5a-5b1d-4869-855c-013ddefef43e,40280,15.9965,16,42,45,42,66,49,49,26,9,8,7,8,15,0,8,24,255
Brielle,United States,NJ,1072b6ed-4876-4b22-9bd7-051cdf7e9476,4697,9.26,9,0,0,0,0,0,0,0,14,7,1,22,15,0,9,42,16
Kennewick,United States,WA,100c465e-1a71-4ed0-9126-caf278f02707,81479,20.7336,21,44,37,42,66,48,48,59,17,15,5,23,24,4,14,255,247
Carlsbad,United States,CA,0efb4870-cad9-42b1-ab44-b2415cc7277e,114253,28.0955,28,56,53,43,70,56,56,91,30,22,13,24,34,5,21,255,236
Schererville,United States,IN,0ece5a8c-e76f-4615-ab60-f4aeedb5b7ab,28590,15.6397,16,34,43,42,67,46,46,47,12,7,6,5,18,0,8,20,255
Akron,United States,OH,0ea0db34-1927-42d8-8cba-13a88f40d6b1,198051,26.1011,26,55,52,46,75,57,57,81,24,22,9,30,25,3,18,255,255
Solvang,United States,CA,0e9fa584-03c5-4de1-a9db-c973bc8efc7e,5804,68.8426,69,47,35,42,50,44,44,44,76,76,75,77,72,0,75,60,11
Fort Worth,United States,TX,0e323e50-475b-459e-997a-12fe4a36ad2a,874401,16.2814,16,50,55,46,76,57,57,149,9,7,4,8,9,1,6,255,255
Redwood City,United States,CA,0df5236d-09e0-4943-9b07-7c2f73e41bb3,85784,38.3481,38,55,32,46,73,51,51,53,47,34,35,50,44,1,35,255,93
Burnaby,Canada,BC,0de019ed-f784-4617-b195-8d47651d6efb,232755,43.102,43,50,45,43,74,53,53,113,27,36,34,58,50,43,41,255,255
Hartford,United States,CT,0d358031-af89-41c5-b7e3-b13fa4b29559,123088,21.773,22,50,25,48,74,49,49,78,19,23,11,1,31,3,15,255,221
St. Charles,United States,IL,0cecd796-d74d-4a8e-a504-ae4188784891,32686,21.6987,22,54,41,42,71,52,52,27,13,13,8,25,28,0,14,54,255
Dayton,United States,OH,0c362817-2dda-42ca-9b46-6abe2500298d,140569,34.4576,34,61,63,46,68,59,59,106,33,29,15,23,40,33,28,255,255
Jacksonville,United States,FL,0c0c0d85-9714-49e7-bd79-13c07dee13c0,890467,22.2199,22,39,42,47,61,47,47,207,19,14,12,29,23,1,16,255,255
Tustin,United States,CA,0bcd15de-67d6-464e-a452-0a911c1549aa,79863,20.5192,21,43,35,46,61,46,46,50,13,13,5,32,24,1,14,255,149
Reading,United States,PA,0bc33f87-77a0-4010-a0c8-df80a00d9eaf,88232,19.5889,20,39,42,48,73,50,50,65,21,20,3,0,26,1,12,246,101
Chapel Hill,United States,NC,0b75d293-01d6-438c-b47c-c0cbd9092770,60998,37.2832,37,62,49,42,83,59,59,55,35,29,27,25,46,0,32,255,138
Las Vegas,United States,NV,0b0d3a57-5ccc-4daf-bdb2-dda3dadb52bb,634773,26.9243,27,47,47,48,74,54,54,141,22,21,9,36,30,7,20,255,255
Altamonte Springs,United States,FL,0ab8bd2d-4d1b-4f45-98e6-880d3df0e447,43810,6.7,7,0,0,0,0,0,0,0,9,8,5,7,10,0,7,16,255
Seattle,United States,WA,0a21d158-2faf-4e69-bca9-7c14c338a5e8,724305,54.5401,55,59,62,45,73,60,60,283,58,54,58,61,59,29,53,255,255
Shawnee,United States,KS,0a097491-d291-4285-9e0b-568bcc2e6d2c,65540,21.715,22,39,47,44,71,50,50,73,19,19,10,1,24,0,15,143,255
Olympia,United States,WA,09dcdb61-794e-4e77-a5fd-0a67540230b7,51534,34.8917,35,54,54,45,77,57,57,78,36,29,27,26,45,14,29,255,146
Lincoln,United States,NE,098a1f9d-e32c-443b-b2db-04af83e05f9f,283839,37.4514,37,65,61,43,78,62,62,168,37,35,27,22,53,15,31,255,255
Queens,United States,NY,097e11f8-5a28-4970-9ca7-33e247f2e85e,2287388,54.2208,54,49,41,49,68,52,52,371,61,56,60,31,60,59,55,255,255
Herndon,United States,VA,09780b76-e005-47f1-ac54-c806475bc84e,24532,25.3404,25,56,51,43,72,55,55,42,15,20,13,29,26,5,18,94,47
Southlake,United States,TX,09389a38-bf04-4b42-872a-5adc135b919b,31292,13.92,14,0,0,0,0,0,0,0,21,19,11,15,17,0,14,38,255
Summit,United States,NJ,08f99ff9-9194-471c-9a5e-7fb0684f4aab,21913,34.3183,34,53,23,41,70,46,46,31,35,41,33,1,38,36,31,138,50
Tupelo,United States,MS,08f50ee8-9d16-418d-ada2-8bc6d1f995b8,38271,34.33,34,0,0,0,0,0,0,0,62,41,20,16,39,31,34,255,229
Little Rock,United States,AR,08d49c84-e509-4276-8abf-93625636b8ce,197958,19.6238,20,46,56,45,70,54,54,92,14,10,5,20,16,3,11,201,255
Port Chester,United States,NY,08cf5732-3b21-45e6-af1f-80cbc363939d,29342,13.7714,14,50,19,45,58,43,43,25,9,7,3,5,16,0,6,0,89
Cincinnati,United States,OH,08b33a97-92d1-4ae5-977f-8b6caf750afb,301394,28.2033,28,48,44,46,67,51,51,156,21,26,13,42,28,7,22,255,255
Cedar Rapids,United States,IA,087efb47-682b-410f-89c0-e04c952cc6cd,132301,31.4436,31,58,65,43,76,60,60,89,30,24,20,19,37,15,24,255,255
Davenport,United States,IA,081abc8c-4d77-4003-860e-9b7089e6aa76,102169,33.741,34,50,40,43,70,51,51,80,35,32,17,50,39,7,29,255,255
Irving,United States,TX,07ec1fe3-3d81-4233-a962-43e13d6f45bc,239783,15.7155,16,51,36,39,64,47,47,29,10,8,4,12,11,3,8,93,255
Cedar Falls,United States,IA,06f081ca-fc4b-4562-811c-55732395ec44,40983,47.3167,47,66,65,37,78,61,61,43,49,56,35,42,46,34,44,255,152
Kingston,Canada,ON,06d153d7-d303-4c43-bd9d-2daa010ad396,123798,43.416,43,52,44,43,77,54,54,99,37,37,38,62,39,34,41,255,255
Anaheim,United States,CA,065388cd-ca6c-48d1-b28e-91a84f61c6fe,349964,21.9498,22,46,27,48,69,47,47,112,15,15,11,36,14,4,16,255,255
Thornton,United States,CO,063822a6-763e-4540-812c-f335f0bb9f18,136868,38.3315,38,44,41,46,74,51,51,83,38,30,30,43,51,23,35,255,255
Bartlett,United States,TN,06287ed5-2b0c-4919-bfee-d598f5e4e238,59102,22.7001,23,36,38,46,63,46,46,51,27,16,5,16,25,0,17,255,149
Concord,United States,NH,061f2dc8-c22d-40eb-bdda-83eda7b9ad8d,43244,20.8408,21,51,41,46,79,54,54,41,23,11,11,10,22,0,13,255,255
Bloomington,United States,MN,05d2baf0-39be-414e-b9f5-e25755a9163c,85332,23.9963,24,54,48,40,77,55,55,53,19,15,12,14,27,14,16,192,255
Palo Alto,United States,CA,0541cec2-c600-4bee-ac4e-e3a9c431a0f2,66573,48.0543,48,65,57,46,74,60,60,64,46,47,47,51,52,26,45,255,110
Mason City,United States,IA,04c3f24b-c37a-4815-a018-7c7966206632,27200,22.4314,22,51,54,43,83,58,58,60,18,16,10,16,21,0,14,255,126
Dover,United States,DE,03da3a74-0efd-4e4a-9927-42f87cf9201a,37523,23.1746,23,47,33,47,65,48,48,41,23,15,11,7,32,0,17,255,137
Racine,United States,WI,0331a4c8-b571-469d-94df-ffd6b8fac66d,77081,39.9978,40,41,37,44,71,48,48,67,43,44,33,52,48,7,38,255,123
Clemson,United States,SC,02f608b2-8b77-48b6-8a96-f4baa6b12263,16463,20.469,20,41,24,49,58,43,43,25,20,15,19,14,11,10,15,10,189
Aurora,United States,CO,02056cc8-b3bd-4dc2-b4a0-9300c0765480,369111,21.6202,22,51,44,48,71,54,54,108,11,13,10,20,23,7,14,255,255
Reston,United States,VA,01de690b-56e9-4976-8ae7-c9109c740e51,61147,37.2007,37,61,57,43,72,58,58,59,31,33,27,40,52,11,32,255,139
Warwick,United States,RI,019de61c-6061-4631-8c14-d0504bc0629a,80993,23.2817,23,44,24,40,53,40,40,70,25,21,13,22,24,10,19,255,184
McAllen,United States,TX,018caa83-e1b3-4d80-87cf-757839345203,141968,16.424,16,44,42,48,78,53,53,29,10,8,4,6,9,0,7,60,255
Vienna,United States,VA,016d170b-c8e9-4420-9633-bf0c2b3e06a4,16489,36.6643,37,55,48,41,70,54,54,140,35,34,20,55,55,0,32,128,30
Schaumburg,United States,IL,01495e88-2ca5-47ac-a0f5-a35a7556b7d2,74194,40.4457,40,51,43,38,71,51,51,30,37,38,31,55,51,18,38,198,255
Casselberry,United States,FL,01396ba3-e35d-4bb3-b1b1-26820b264fae,27950,6.14,6,0,0,0,0,0,0,0,9,5,3,11,11,0,6,13,209
Hayward,United States,WI,01138bae-483f-4772-beff-63a24e07e6ec,2780,56.4191,56,41,59,39,79,55,55,26,62,56,36,70,68,0,57,65,10
North Little Rock,United States,AR,00489c2c-910f-479b-8ddd-9c06aed7eab3,66075,17.0816,17,47,48,47,72,53,53,53,12,7,9,12,8,0,8,111,255
Amsterdam,Netherlands,NH,c39d5f6e-654f-42a5-8142-5d2ed4dd0e8f,1038610,81.13133776,81,76,44,34,88,61,61,105,85,85,88,87,90,85,86,0,0
Rotterdam,Netherlands,SH,1ae4071b-10dd-47ba-bb05-4ed097b9e0ef,623652,80.43562918,80,72,37,34,88,58,58,103,85,88,87,76,91,87,86,0,0
Copenhagen,Denmark,HS,09015ae1-7e90-4888-990b-cb42a0815aea,638117,79.81913465,80,79,60,34,90,66,66,152,85,84,82,72,89,86,83,0,0
Barcelona,Spain,CT,5e673fcf-0221-4502-9630-5c71843fbfb6,1636762,78.77778748,79,50,53,42,77,56,56,105,81,87,88,70,91,84,85,0,0
Munich,Germany,BY,8d28ff6c-a3ea-4bfa-9abf-614283937852,1484226,68.28280361,68,52,39,40,80,53,53,129,70,72,74,67,80,70,72,0,0
Berlin,Germany,BE,2af33d9c-0886-434a-a94b-7e48cedfefd1,3669491,65.67622172,66,56,40,41,83,55,55,148,65,66,70,72,74,66,68,0,0
Madrid,Spain,MD,909bd67d-6c0b-4f5e-a1b3-2f48286cd5d2,3266126,64.04097352,64,43,31,48,79,50,50,122,55,71,76,50,68,71,68,0,0
London,England,ENG,12383bb7-4cb0-424d-962a-cdf602ac4cde,3232000,57.04336265,57,49,41,43,79,53,53,162,38,60,61,72,61,59,58,0,0
Oslo,Norway,OS,92d47ac9-5f23-4bb7-b0bc-556be470015c,697010,54.2838252,54,56,60,35,80,58,58,106,44,55,62,34,60,54,53,0,0
Hamburg,Germany,HH,d7223b53-7067-40a5-93a4-f04ca8f532d3,1847253,52.75032209,53,49,39,43,81,53,53,143,47,51,55,54,60,52,53,0,0
Milan,Italy,LOM,8368b068-568f-45e6-9bcc-0bdca2abbde5,1406242,43.84228634,44,43,38,41,76,49,49,219,28,46,43,51,42,45,43,0,0
